<?xml version="1.0" encoding="UTF-8" standalone="no"?>
<?fileVersion 4.0.0?><cproject storage_type_id="org.eclipse.cdt.core.XmlProjectDescriptionStorage">
    	
    <storageModule moduleId="org.eclipse.cdt.core.settings">
        		
        <cconfiguration id="cdt.managedbuild.config.gnu.mingw.exe.debug.824915461">
            			
            <storageModule buildSystemId="org.eclipse.cdt.managedbuilder.core.configurationDataProvider" id="cdt.managedbuild.config.gnu.mingw.exe.debug.824915461" moduleId="org.eclipse.cdt.core.settings" name="Debug">
                				
                <externalSettings/>
                				
                <extensions>
                    					
                    <extension id="org.eclipse.cdt.core.PE" point="org.eclipse.cdt.core.BinaryParser"/>
                    					
                    <extension id="org.eclipse.cdt.core.GASErrorParser" point="org.eclipse.cdt.core.ErrorParser"/>
                    					
                    <extension id="org.eclipse.cdt.core.GLDErrorParser" point="org.eclipse.cdt.core.ErrorParser"/>
                    					
                    <extension id="org.eclipse.cdt.core.GCCErrorParser" point="org.eclipse.cdt.core.ErrorParser"/>
                    				
                </extensions>
                			
            </storageModule>
            			
            <storageModule moduleId="cdtBuildSystem" version="4.0.0">
                				
                <configuration artifactName="${ProjName}" buildArtefactType="org.eclipse.cdt.build.core.buildArtefactType.exe" buildProperties="org.eclipse.cdt.build.core.buildArtefactType=org.eclipse.cdt.build.core.buildArtefactType.exe,org.eclipse.cdt.build.core.buildType=org.eclipse.cdt.build.core.buildType.debug" cleanCommand="rm -rf" description="" id="cdt.managedbuild.config.gnu.mingw.exe.debug.824915461" name="Debug" parent="cdt.managedbuild.config.gnu.mingw.exe.debug">
                    					
                    <folderInfo id="cdt.managedbuild.config.gnu.mingw.exe.debug.824915461." name="/" resourcePath="">
                        						
                        <toolChain id="cdt.managedbuild.toolchain.gnu.mingw.exe.debug.1564663068" name="MinGW GCC" superClass="cdt.managedbuild.toolchain.gnu.mingw.exe.debug">
                            							
                            <targetPlatform id="cdt.managedbuild.target.gnu.platform.mingw.exe.debug.738269281" name="Debug Platform" superClass="cdt.managedbuild.target.gnu.platform.mingw.exe.debug"/>
                            							
                            <builder buildPath="${workspace_loc:/respiteServiceEvaluation}/Debug" id="cdt.managedbuild.tool.gnu.builder.mingw.base.1278051612" managedBuildOn="true" name="CDT Internal Builder.Debug" superClass="cdt.managedbuild.tool.gnu.builder.mingw.base"/>
                            							
                            <tool id="cdt.managedbuild.tool.gnu.assembler.mingw.exe.debug.625013526" name="GCC Assembler" superClass="cdt.managedbuild.tool.gnu.assembler.mingw.exe.debug">
                                								
                                <inputType id="cdt.managedbuild.tool.gnu.assembler.input.358179487" superClass="cdt.managedbuild.tool.gnu.assembler.input"/>
                                							
                            </tool>
                            							
                            <tool id="cdt.managedbuild.tool.gnu.archiver.mingw.base.1605064073" name="GCC Archiver" superClass="cdt.managedbuild.tool.gnu.archiver.mingw.base"/>
                            							
                            <tool id="cdt.managedbuild.tool.gnu.cpp.compiler.mingw.exe.debug.35997257" name="GCC C++ Compiler" superClass="cdt.managedbuild.tool.gnu.cpp.compiler.mingw.exe.debug">
                                								
                                <option id="gnu.cpp.compiler.mingw.exe.debug.option.optimization.level.901396421" superClass="gnu.cpp.compiler.mingw.exe.debug.option.optimization.level" value="gnu.cpp.compiler.optimization.level.none" valueType="enumerated"/>
                                								
                                <option id="gnu.cpp.compiler.mingw.exe.debug.option.debugging.level.806980379" superClass="gnu.cpp.compiler.mingw.exe.debug.option.debugging.level" value="gnu.cpp.compiler.debugging.level.max" valueType="enumerated"/>
                                								
                                <inputType id="cdt.managedbuild.tool.gnu.cpp.compiler.input.640986171" superClass="cdt.managedbuild.tool.gnu.cpp.compiler.input"/>
                                							
                            </tool>
                            							
                            <tool id="cdt.managedbuild.tool.gnu.c.compiler.mingw.exe.debug.1552310526" name="GCC C Compiler" superClass="cdt.managedbuild.tool.gnu.c.compiler.mingw.exe.debug">
                                								
                                <option defaultValue="gnu.c.optimization.level.none" id="gnu.c.compiler.mingw.exe.debug.option.optimization.level.46324267" superClass="gnu.c.compiler.mingw.exe.debug.option.optimization.level" valueType="enumerated"/>
                                								
                                <option id="gnu.c.compiler.mingw.exe.debug.option.debugging.level.692257930" superClass="gnu.c.compiler.mingw.exe.debug.option.debugging.level" value="gnu.c.debugging.level.max" valueType="enumerated"/>
                                								
                                <inputType id="cdt.managedbuild.tool.gnu.c.compiler.input.1213807985" superClass="cdt.managedbuild.tool.gnu.c.compiler.input"/>
                                							
                            </tool>
                            							
                            <tool id="cdt.managedbuild.tool.gnu.c.linker.mingw.exe.debug.1602124444" name="MinGW C Linker" superClass="cdt.managedbuild.tool.gnu.c.linker.mingw.exe.debug"/>
                            							
                            <tool id="cdt.managedbuild.tool.gnu.cpp.linker.mingw.exe.debug.589827074" name="MinGW C++ Linker" superClass="cdt.managedbuild.tool.gnu.cpp.linker.mingw.exe.debug">
                                								
                                <inputType id="cdt.managedbuild.tool.gnu.cpp.linker.input.941515758" superClass="cdt.managedbuild.tool.gnu.cpp.linker.input">
                                    									
                                    <additionalInput kind="additionalinputdependency" paths="$(USER_OBJS)"/>
                                    									
                                    <additionalInput kind="additionalinput" paths="$(LIBS)"/>
                                    								
                                </inputType>
                                							
                            </tool>
                            						
                        </toolChain>
                        					
                    </folderInfo>
                    				
                </configuration>
                			
            </storageModule>
            			
            <storageModule moduleId="org.eclipse.cdt.core.externalSettings"/>
            		
        </cconfiguration>
        		
        <cconfiguration id="cdt.managedbuild.config.gnu.mingw.exe.release.1302394487">
            			
            <storageModule buildSystemId="org.eclipse.cdt.managedbuilder.core.configurationDataProvider" id="cdt.managedbuild.config.gnu.mingw.exe.release.1302394487" moduleId="org.eclipse.cdt.core.settings" name="Release">
                				
                <externalSettings/>
                				
                <extensions>
                    					
                    <extension id="org.eclipse.cdt.core.PE" point="org.eclipse.cdt.core.BinaryParser"/>
                    					
                    <extension id="org.eclipse.cdt.core.GASErrorParser" point="org.eclipse.cdt.core.ErrorParser"/>
                    					
                    <extension id="org.eclipse.cdt.core.GLDErrorParser" point="org.eclipse.cdt.core.ErrorParser"/>
                    					
                    <extension id="org.eclipse.cdt.core.GCCErrorParser" point="org.eclipse.cdt.core.ErrorParser"/>
                    				
                </extensions>
                			
            </storageModule>
            			
            <storageModule moduleId="cdtBuildSystem" version="4.0.0">
                				
                <configuration artifactName="${ProjName}" buildArtefactType="org.eclipse.cdt.build.core.buildArtefactType.exe" buildProperties="org.eclipse.cdt.build.core.buildArtefactType=org.eclipse.cdt.build.core.buildArtefactType.exe,org.eclipse.cdt.build.core.buildType=org.eclipse.cdt.build.core.buildType.release" cleanCommand="rm -rf" description="" id="cdt.managedbuild.config.gnu.mingw.exe.release.1302394487" name="Release" parent="cdt.managedbuild.config.gnu.mingw.exe.release">
                    					
                    <folderInfo id="cdt.managedbuild.config.gnu.mingw.exe.release.1302394487." name="/" resourcePath="">
                        						
                        <toolChain id="cdt.managedbuild.toolchain.gnu.mingw.exe.release.347418554" name="MinGW GCC" superClass="cdt.managedbuild.toolchain.gnu.mingw.exe.release">
                            							
                            <targetPlatform id="cdt.managedbuild.target.gnu.platform.mingw.exe.release.763188593" name="Debug Platform" superClass="cdt.managedbuild.target.gnu.platform.mingw.exe.release"/>
                            							
                            <builder buildPath="${workspace_loc:/respiteServiceEvaluation}/Release" id="cdt.managedbuild.tool.gnu.builder.mingw.base.453724356" managedBuildOn="true" name="CDT Internal Builder.Release" superClass="cdt.managedbuild.tool.gnu.builder.mingw.base"/>
                            							
                            <tool id="cdt.managedbuild.tool.gnu.assembler.mingw.exe.release.1063501278" name="GCC Assembler" superClass="cdt.managedbuild.tool.gnu.assembler.mingw.exe.release">
                                								
                                <inputType id="cdt.managedbuild.tool.gnu.assembler.input.1161231142" superClass="cdt.managedbuild.tool.gnu.assembler.input"/>
                                							
                            </tool>
                            							
                            <tool id="cdt.managedbuild.tool.gnu.archiver.mingw.base.1880211965" name="GCC Archiver" superClass="cdt.managedbuild.tool.gnu.archiver.mingw.base"/>
                            							
                            <tool id="cdt.managedbuild.tool.gnu.cpp.compiler.mingw.exe.release.1503360067" name="GCC C++ Compiler" superClass="cdt.managedbuild.tool.gnu.cpp.compiler.mingw.exe.release">
                                								
                                <option id="gnu.cpp.compiler.mingw.exe.release.option.optimization.level.978620203" superClass="gnu.cpp.compiler.mingw.exe.release.option.optimization.level" value="gnu.cpp.compiler.optimization.level.most" valueType="enumerated"/>
                                								
                                <option id="gnu.cpp.compiler.mingw.exe.release.option.debugging.level.538614608" superClass="gnu.cpp.compiler.mingw.exe.release.option.debugging.level" value="gnu.cpp.compiler.debugging.level.none" valueType="enumerated"/>
                                								
                                <inputType id="cdt.managedbuild.tool.gnu.cpp.compiler.input.1266004644" superClass="cdt.managedbuild.tool.gnu.cpp.compiler.input"/>
                                							
                            </tool>
                            							
                            <tool id="cdt.managedbuild.tool.gnu.c.compiler.mingw.exe.release.1961551773" name="GCC C Compiler" superClass="cdt.managedbuild.tool.gnu.c.compiler.mingw.exe.release">
                                								
                                <option defaultValue="gnu.c.optimization.level.most" id="gnu.c.compiler.mingw.exe.release.option.optimization.level.709651205" superClass="gnu.c.compiler.mingw.exe.release.option.optimization.level" valueType="enumerated"/>
                                								
                                <option id="gnu.c.compiler.mingw.exe.release.option.debugging.level.29477284" superClass="gnu.c.compiler.mingw.exe.release.option.debugging.level" value="gnu.c.debugging.level.none" valueType="enumerated"/>
                                								
                                <inputType id="cdt.managedbuild.tool.gnu.c.compiler.input.224189761" superClass="cdt.managedbuild.tool.gnu.c.compiler.input"/>
                                							
                            </tool>
                            							
                            <tool id="cdt.managedbuild.tool.gnu.c.linker.mingw.exe.release.395231024" name="MinGW C Linker" superClass="cdt.managedbuild.tool.gnu.c.linker.mingw.exe.release"/>
                            							
                            <tool id="cdt.managedbuild.tool.gnu.cpp.linker.mingw.exe.release.555768835" name="MinGW C++ Linker" superClass="cdt.managedbuild.tool.gnu.cpp.linker.mingw.exe.release">
                                								
                                <inputType id="cdt.managedbuild.tool.gnu.cpp.linker.input.169428943" superClass="cdt.managedbuild.tool.gnu.cpp.linker.input">
                                    									
                                    <additionalInput kind="additionalinputdependency" paths="$(USER_OBJS)"/>
                                    									
                                    <additionalInput kind="additionalinput" paths="$(LIBS)"/>
                                    								
                                </inputType>
                                							
                            </tool>
                            						
                        </toolChain>
                        					
                    </folderInfo>
                    				
                </configuration>
                			
            </storageModule>
            			
            <storageModule moduleId="org.eclipse.cdt.core.externalSettings"/>
            		
        </cconfiguration>
        	
    </storageModule>
    	
    <storageModule moduleId="cdtBuildSystem" version="4.0.0">
        		
        <project id="respiteServiceEvaluation.cdt.managedbuild.target.gnu.mingw.exe.746340347" name="Executable" projectType="cdt.managedbuild.target.gnu.mingw.exe"/>
        	
    </storageModule>
    	
    <storageModule moduleId="scannerConfiguration">
        		
        <autodiscovery enabled="true" problemReportingEnabled="true" selectedProfileId=""/>
        		
        <scannerConfigBuildInfo instanceId="cdt.managedbuild.config.gnu.mingw.exe.debug.824915461;cdt.managedbuild.config.gnu.mingw.exe.debug.824915461.;cdt.managedbuild.tool.gnu.c.compiler.mingw.exe.debug.1552310526;cdt.managedbuild.tool.gnu.c.compiler.input.1213807985">
            			
            <autodiscovery enabled="true" problemReportingEnabled="true" selectedProfileId=""/>
            		
        </scannerConfigBuildInfo>
        		
        <scannerConfigBuildInfo instanceId="cdt.managedbuild.config.gnu.mingw.exe.release.1302394487;cdt.managedbuild.config.gnu.mingw.exe.release.1302394487.;cdt.managedbuild.tool.gnu.cpp.compiler.mingw.exe.release.1503360067;cdt.managedbuild.tool.gnu.cpp.compiler.input.1266004644">
            			
            <autodiscovery enabled="true" problemReportingEnabled="true" selectedProfileId=""/>
            		
        </scannerConfigBuildInfo>
        		
        <scannerConfigBuildInfo instanceId="cdt.managedbuild.config.gnu.mingw.exe.release.1302394487;cdt.managedbuild.config.gnu.mingw.exe.release.1302394487.;cdt.managedbuild.tool.gnu.c.compiler.mingw.exe.release.1961551773;cdt.managedbuild.tool.gnu.c.compiler.input.224189761">
            			
            <autodiscovery enabled="true" problemReportingEnabled="true" selectedProfileId=""/>
            		
        </scannerConfigBuildInfo>
        		
        <scannerConfigBuildInfo instanceId="cdt.managedbuild.config.gnu.mingw.exe.debug.824915461;cdt.managedbuild.config.gnu.mingw.exe.debug.824915461.;cdt.managedbuild.tool.gnu.cpp.compiler.mingw.exe.debug.35997257;cdt.managedbuild.tool.gnu.cpp.compiler.input.640986171">
            			
            <autodiscovery enabled="true" problemReportingEnabled="true" selectedProfileId=""/>
            		
        </scannerConfigBuildInfo>
        	
    </storageModule>
    	
    <storageModule moduleId="org.eclipse.cdt.core.LanguageSettingsProviders"/>
    	
    <storageModule moduleId="org.eclipse.cdt.make.core.buildtargets"/>
    
</cproject>
