<?xml version="1.0" encoding="UTF-8" standalone="no"?>
<?fileVersion 4.0.0?><cproject storage_type_id="org.eclipse.cdt.core.XmlProjectDescriptionStorage">
    	
    <storageModule moduleId="org.eclipse.cdt.core.settings">
        		
        <cconfiguration id="cdt.managedbuild.config.gnu.mingw.exe.debug.1704620245">
            			
            <storageModule buildSystemId="org.eclipse.cdt.managedbuilder.core.configurationDataProvider" id="cdt.managedbuild.config.gnu.mingw.exe.debug.1704620245" moduleId="org.eclipse.cdt.core.settings" name="Debug">
                				
                <externalSettings/>
                				
                <extensions>
                    					
                    <extension id="org.eclipse.cdt.core.PE" point="org.eclipse.cdt.core.BinaryParser"/>
                    					
                    <extension id="org.eclipse.cdt.core.GASErrorParser" point="org.eclipse.cdt.core.ErrorParser"/>
                    					
                    <extension id="org.eclipse.cdt.core.GLDErrorParser" point="org.eclipse.cdt.core.ErrorParser"/>
                    					
                    <extension id="org.eclipse.cdt.core.GCCErrorParser" point="org.eclipse.cdt.core.ErrorParser"/>
                    				
                </extensions>
                			
            </storageModule>
            			
            <storageModule moduleId="cdtBuildSystem" version="4.0.0">
                				
                <configuration artifactName="${ProjName}" buildArtefactType="org.eclipse.cdt.build.core.buildArtefactType.exe" buildProperties="org.eclipse.cdt.build.core.buildArtefactType=org.eclipse.cdt.build.core.buildArtefactType.exe,org.eclipse.cdt.build.core.buildType=org.eclipse.cdt.build.core.buildType.debug" cleanCommand="rm -rf" description="" id="cdt.managedbuild.config.gnu.mingw.exe.debug.1704620245" name="Debug" parent="cdt.managedbuild.config.gnu.mingw.exe.debug">
                    					
                    <folderInfo id="cdt.managedbuild.config.gnu.mingw.exe.debug.1704620245." name="/" resourcePath="">
                        						
                        <toolChain id="cdt.managedbuild.toolchain.gnu.mingw.exe.debug.339590628" name="MinGW GCC" superClass="cdt.managedbuild.toolchain.gnu.mingw.exe.debug">
                            							
                            <targetPlatform id="cdt.managedbuild.target.gnu.platform.mingw.exe.debug.612242614" name="Debug Platform" superClass="cdt.managedbuild.target.gnu.platform.mingw.exe.debug"/>
                            							
                            <builder buildPath="${workspace_loc:/respiteServiceEvaluation}/Debug" id="cdt.managedbuild.tool.gnu.builder.mingw.base.1840318749" managedBuildOn="true" name="CDT Internal Builder.Debug" superClass="cdt.managedbuild.tool.gnu.builder.mingw.base"/>
                            							
                            <tool id="cdt.managedbuild.tool.gnu.assembler.mingw.exe.debug.477260932" name="GCC Assembler" superClass="cdt.managedbuild.tool.gnu.assembler.mingw.exe.debug">
                                								
                                <inputType id="cdt.managedbuild.tool.gnu.assembler.input.331616923" superClass="cdt.managedbuild.tool.gnu.assembler.input"/>
                                							
                            </tool>
                            							
                            <tool id="cdt.managedbuild.tool.gnu.archiver.mingw.base.2069104843" name="GCC Archiver" superClass="cdt.managedbuild.tool.gnu.archiver.mingw.base"/>
                            							
                            <tool id="cdt.managedbuild.tool.gnu.cpp.compiler.mingw.exe.debug.1256717455" name="GCC C++ Compiler" superClass="cdt.managedbuild.tool.gnu.cpp.compiler.mingw.exe.debug">
                                								
                                <option id="gnu.cpp.compiler.mingw.exe.debug.option.optimization.level.1143835568" superClass="gnu.cpp.compiler.mingw.exe.debug.option.optimization.level" value="gnu.cpp.compiler.optimization.level.none" valueType="enumerated"/>
                                								
                                <option id="gnu.cpp.compiler.mingw.exe.debug.option.debugging.level.1633013" superClass="gnu.cpp.compiler.mingw.exe.debug.option.debugging.level" value="gnu.cpp.compiler.debugging.level.max" valueType="enumerated"/>
                                								
                                <inputType id="cdt.managedbuild.tool.gnu.cpp.compiler.input.1305148834" superClass="cdt.managedbuild.tool.gnu.cpp.compiler.input"/>
                                							
                            </tool>
                            							
                            <tool id="cdt.managedbuild.tool.gnu.c.compiler.mingw.exe.debug.572992710" name="GCC C Compiler" superClass="cdt.managedbuild.tool.gnu.c.compiler.mingw.exe.debug">
                                								
                                <option defaultValue="gnu.c.optimization.level.none" id="gnu.c.compiler.mingw.exe.debug.option.optimization.level.1725343994" superClass="gnu.c.compiler.mingw.exe.debug.option.optimization.level" valueType="enumerated"/>
                                								
                                <option id="gnu.c.compiler.mingw.exe.debug.option.debugging.level.1765305531" superClass="gnu.c.compiler.mingw.exe.debug.option.debugging.level" value="gnu.c.debugging.level.max" valueType="enumerated"/>
                                								
                                <inputType id="cdt.managedbuild.tool.gnu.c.compiler.input.226442122" superClass="cdt.managedbuild.tool.gnu.c.compiler.input"/>
                                							
                            </tool>
                            							
                            <tool id="cdt.managedbuild.tool.gnu.c.linker.mingw.exe.debug.604787535" name="MinGW C Linker" superClass="cdt.managedbuild.tool.gnu.c.linker.mingw.exe.debug"/>
                            							
                            <tool id="cdt.managedbuild.tool.gnu.cpp.linker.mingw.exe.debug.2090478310" name="MinGW C++ Linker" superClass="cdt.managedbuild.tool.gnu.cpp.linker.mingw.exe.debug">
                                								
                                <inputType id="cdt.managedbuild.tool.gnu.cpp.linker.input.886629418" superClass="cdt.managedbuild.tool.gnu.cpp.linker.input">
                                    									
                                    <additionalInput kind="additionalinputdependency" paths="$(USER_OBJS)"/>
                                    									
                                    <additionalInput kind="additionalinput" paths="$(LIBS)"/>
                                    								
                                </inputType>
                                							
                            </tool>
                            						
                        </toolChain>
                        					
                    </folderInfo>
                    				
                </configuration>
                			
            </storageModule>
            			
            <storageModule moduleId="org.eclipse.cdt.core.externalSettings"/>
            		
        </cconfiguration>
        		
        <cconfiguration id="cdt.managedbuild.config.gnu.mingw.exe.release.2014217490">
            			
            <storageModule buildSystemId="org.eclipse.cdt.managedbuilder.core.configurationDataProvider" id="cdt.managedbuild.config.gnu.mingw.exe.release.2014217490" moduleId="org.eclipse.cdt.core.settings" name="Release">
                				
                <externalSettings/>
                				
                <extensions>
                    					
                    <extension id="org.eclipse.cdt.core.PE" point="org.eclipse.cdt.core.BinaryParser"/>
                    					
                    <extension id="org.eclipse.cdt.core.GASErrorParser" point="org.eclipse.cdt.core.ErrorParser"/>
                    					
                    <extension id="org.eclipse.cdt.core.GLDErrorParser" point="org.eclipse.cdt.core.ErrorParser"/>
                    					
                    <extension id="org.eclipse.cdt.core.GCCErrorParser" point="org.eclipse.cdt.core.ErrorParser"/>
                    				
                </extensions>
                			
            </storageModule>
            			
            <storageModule moduleId="cdtBuildSystem" version="4.0.0">
                				
                <configuration artifactName="${ProjName}" buildArtefactType="org.eclipse.cdt.build.core.buildArtefactType.exe" buildProperties="org.eclipse.cdt.build.core.buildArtefactType=org.eclipse.cdt.build.core.buildArtefactType.exe,org.eclipse.cdt.build.core.buildType=org.eclipse.cdt.build.core.buildType.release" cleanCommand="rm -rf" description="" id="cdt.managedbuild.config.gnu.mingw.exe.release.2014217490" name="Release" parent="cdt.managedbuild.config.gnu.mingw.exe.release">
                    					
                    <folderInfo id="cdt.managedbuild.config.gnu.mingw.exe.release.2014217490." name="/" resourcePath="">
                        						
                        <toolChain id="cdt.managedbuild.toolchain.gnu.mingw.exe.release.1390632478" name="MinGW GCC" superClass="cdt.managedbuild.toolchain.gnu.mingw.exe.release">
                            							
                            <targetPlatform id="cdt.managedbuild.target.gnu.platform.mingw.exe.release.894980008" name="Debug Platform" superClass="cdt.managedbuild.target.gnu.platform.mingw.exe.release"/>
                            							
                            <builder buildPath="${workspace_loc:/respiteServiceEvaluation}/Release" id="cdt.managedbuild.tool.gnu.builder.mingw.base.1665254242" managedBuildOn="true" name="CDT Internal Builder.Release" superClass="cdt.managedbuild.tool.gnu.builder.mingw.base"/>
                            							
                            <tool id="cdt.managedbuild.tool.gnu.assembler.mingw.exe.release.1448136155" name="GCC Assembler" superClass="cdt.managedbuild.tool.gnu.assembler.mingw.exe.release">
                                								
                                <inputType id="cdt.managedbuild.tool.gnu.assembler.input.272520618" superClass="cdt.managedbuild.tool.gnu.assembler.input"/>
                                							
                            </tool>
                            							
                            <tool id="cdt.managedbuild.tool.gnu.archiver.mingw.base.1718688254" name="GCC Archiver" superClass="cdt.managedbuild.tool.gnu.archiver.mingw.base"/>
                            							
                            <tool id="cdt.managedbuild.tool.gnu.cpp.compiler.mingw.exe.release.1320435116" name="GCC C++ Compiler" superClass="cdt.managedbuild.tool.gnu.cpp.compiler.mingw.exe.release">
                                								
                                <option id="gnu.cpp.compiler.mingw.exe.release.option.optimization.level.71170011" superClass="gnu.cpp.compiler.mingw.exe.release.option.optimization.level" value="gnu.cpp.compiler.optimization.level.most" valueType="enumerated"/>
                                								
                                <option id="gnu.cpp.compiler.mingw.exe.release.option.debugging.level.55437280" superClass="gnu.cpp.compiler.mingw.exe.release.option.debugging.level" value="gnu.cpp.compiler.debugging.level.none" valueType="enumerated"/>
                                								
                                <inputType id="cdt.managedbuild.tool.gnu.cpp.compiler.input.1645157424" superClass="cdt.managedbuild.tool.gnu.cpp.compiler.input"/>
                                							
                            </tool>
                            							
                            <tool id="cdt.managedbuild.tool.gnu.c.compiler.mingw.exe.release.2013863673" name="GCC C Compiler" superClass="cdt.managedbuild.tool.gnu.c.compiler.mingw.exe.release">
                                								
                                <option defaultValue="gnu.c.optimization.level.most" id="gnu.c.compiler.mingw.exe.release.option.optimization.level.1947053944" superClass="gnu.c.compiler.mingw.exe.release.option.optimization.level" valueType="enumerated"/>
                                								
                                <option id="gnu.c.compiler.mingw.exe.release.option.debugging.level.224049803" superClass="gnu.c.compiler.mingw.exe.release.option.debugging.level" value="gnu.c.debugging.level.none" valueType="enumerated"/>
                                								
                                <inputType id="cdt.managedbuild.tool.gnu.c.compiler.input.1760500195" superClass="cdt.managedbuild.tool.gnu.c.compiler.input"/>
                                							
                            </tool>
                            							
                            <tool id="cdt.managedbuild.tool.gnu.c.linker.mingw.exe.release.1929240137" name="MinGW C Linker" superClass="cdt.managedbuild.tool.gnu.c.linker.mingw.exe.release"/>
                            							
                            <tool id="cdt.managedbuild.tool.gnu.cpp.linker.mingw.exe.release.8928191" name="MinGW C++ Linker" superClass="cdt.managedbuild.tool.gnu.cpp.linker.mingw.exe.release">
                                								
                                <inputType id="cdt.managedbuild.tool.gnu.cpp.linker.input.1164586541" superClass="cdt.managedbuild.tool.gnu.cpp.linker.input">
                                    									
                                    <additionalInput kind="additionalinputdependency" paths="$(USER_OBJS)"/>
                                    									
                                    <additionalInput kind="additionalinput" paths="$(LIBS)"/>
                                    								
                                </inputType>
                                							
                            </tool>
                            						
                        </toolChain>
                        					
                    </folderInfo>
                    				
                </configuration>
                			
            </storageModule>
            			
            <storageModule moduleId="org.eclipse.cdt.core.externalSettings"/>
            		
        </cconfiguration>
        	
    </storageModule>
    	
    <storageModule moduleId="cdtBuildSystem" version="4.0.0">
        		
        <project id="respiteServiceEvaluation.cdt.managedbuild.target.gnu.mingw.exe.1020931457" name="Executable" projectType="cdt.managedbuild.target.gnu.mingw.exe"/>
        	
    </storageModule>
    	
    <storageModule moduleId="scannerConfiguration">
        		
        <autodiscovery enabled="true" problemReportingEnabled="true" selectedProfileId=""/>
        		
        <scannerConfigBuildInfo instanceId="cdt.managedbuild.config.gnu.mingw.exe.release.1049550237;cdt.managedbuild.config.gnu.mingw.exe.release.1049550237.;cdt.managedbuild.tool.gnu.cpp.compiler.mingw.exe.release.1755820887;cdt.managedbuild.tool.gnu.cpp.compiler.input.941429409">
            			
            <autodiscovery enabled="true" problemReportingEnabled="true" selectedProfileId=""/>
            		
        </scannerConfigBuildInfo>
        		
        <scannerConfigBuildInfo instanceId="cdt.managedbuild.config.gnu.mingw.exe.debug.22864956;cdt.managedbuild.config.gnu.mingw.exe.debug.22864956.;cdt.managedbuild.tool.gnu.c.compiler.mingw.exe.debug.600833198;cdt.managedbuild.tool.gnu.c.compiler.input.707189642">
            			
            <autodiscovery enabled="true" problemReportingEnabled="true" selectedProfileId=""/>
            		
        </scannerConfigBuildInfo>
        		
        <scannerConfigBuildInfo instanceId="cdt.managedbuild.config.gnu.mingw.exe.release.230051390;cdt.managedbuild.config.gnu.mingw.exe.release.230051390.;cdt.managedbuild.tool.gnu.c.compiler.mingw.exe.release.780956914;cdt.managedbuild.tool.gnu.c.compiler.input.1302911934">
            			
            <autodiscovery enabled="true" problemReportingEnabled="true" selectedProfileId=""/>
            		
        </scannerConfigBuildInfo>
        		
        <scannerConfigBuildInfo instanceId="cdt.managedbuild.config.gnu.mingw.exe.release.230051390;cdt.managedbuild.config.gnu.mingw.exe.release.230051390.;cdt.managedbuild.tool.gnu.cpp.compiler.mingw.exe.release.1530652257;cdt.managedbuild.tool.gnu.cpp.compiler.input.157775236">
            			
            <autodiscovery enabled="true" problemReportingEnabled="true" selectedProfileId=""/>
            		
        </scannerConfigBuildInfo>
        		
        <scannerConfigBuildInfo instanceId="cdt.managedbuild.config.gnu.mingw.exe.release.2014217490;cdt.managedbuild.config.gnu.mingw.exe.release.2014217490.;cdt.managedbuild.tool.gnu.c.compiler.mingw.exe.release.2013863673;cdt.managedbuild.tool.gnu.c.compiler.input.1760500195">
            			
            <autodiscovery enabled="true" problemReportingEnabled="true" selectedProfileId=""/>
            		
        </scannerConfigBuildInfo>
        		
        <scannerConfigBuildInfo instanceId="cdt.managedbuild.config.gnu.mingw.exe.release.1049550237;cdt.managedbuild.config.gnu.mingw.exe.release.1049550237.;cdt.managedbuild.tool.gnu.c.compiler.mingw.exe.release.979255479;cdt.managedbuild.tool.gnu.c.compiler.input.696652256">
            			
            <autodiscovery enabled="true" problemReportingEnabled="true" selectedProfileId=""/>
            		
        </scannerConfigBuildInfo>
        		
        <scannerConfigBuildInfo instanceId="cdt.managedbuild.config.gnu.mingw.exe.debug.22864956;cdt.managedbuild.config.gnu.mingw.exe.debug.22864956.;cdt.managedbuild.tool.gnu.cpp.compiler.mingw.exe.debug.834489855;cdt.managedbuild.tool.gnu.cpp.compiler.input.1216071236">
            			
            <autodiscovery enabled="true" problemReportingEnabled="true" selectedProfileId=""/>
            		
        </scannerConfigBuildInfo>
        		
        <scannerConfigBuildInfo instanceId="cdt.managedbuild.config.gnu.mingw.exe.debug.2137058612;cdt.managedbuild.config.gnu.mingw.exe.debug.2137058612.;cdt.managedbuild.tool.gnu.c.compiler.mingw.exe.debug.1018136555;cdt.managedbuild.tool.gnu.c.compiler.input.1011579850">
            			
            <autodiscovery enabled="true" problemReportingEnabled="true" selectedProfileId=""/>
            		
        </scannerConfigBuildInfo>
        		
        <scannerConfigBuildInfo instanceId="cdt.managedbuild.config.gnu.mingw.exe.debug.890562052;cdt.managedbuild.config.gnu.mingw.exe.debug.890562052.;cdt.managedbuild.tool.gnu.cpp.compiler.mingw.exe.debug.993095452;cdt.managedbuild.tool.gnu.cpp.compiler.input.928178091">
            			
            <autodiscovery enabled="true" problemReportingEnabled="true" selectedProfileId=""/>
            		
        </scannerConfigBuildInfo>
        		
        <scannerConfigBuildInfo instanceId="cdt.managedbuild.config.gnu.mingw.exe.release.230867576;cdt.managedbuild.config.gnu.mingw.exe.release.230867576.;cdt.managedbuild.tool.gnu.c.compiler.mingw.exe.release.788575021;cdt.managedbuild.tool.gnu.c.compiler.input.645782806">
            			
            <autodiscovery enabled="true" problemReportingEnabled="true" selectedProfileId=""/>
            		
        </scannerConfigBuildInfo>
        		
        <scannerConfigBuildInfo instanceId="cdt.managedbuild.config.gnu.mingw.exe.debug.2137058612;cdt.managedbuild.config.gnu.mingw.exe.debug.2137058612.;cdt.managedbuild.tool.gnu.cpp.compiler.mingw.exe.debug.204365515;cdt.managedbuild.tool.gnu.cpp.compiler.input.1053496231">
            			
            <autodiscovery enabled="true" problemReportingEnabled="true" selectedProfileId=""/>
            		
        </scannerConfigBuildInfo>
        		
        <scannerConfigBuildInfo instanceId="cdt.managedbuild.config.gnu.mingw.exe.release.230867576;cdt.managedbuild.config.gnu.mingw.exe.release.230867576.;cdt.managedbuild.tool.gnu.cpp.compiler.mingw.exe.release.685000731;cdt.managedbuild.tool.gnu.cpp.compiler.input.1855138271">
            			
            <autodiscovery enabled="true" problemReportingEnabled="true" selectedProfileId=""/>
            		
        </scannerConfigBuildInfo>
        		
        <scannerConfigBuildInfo instanceId="cdt.managedbuild.config.gnu.mingw.exe.debug.1704620245;cdt.managedbuild.config.gnu.mingw.exe.debug.1704620245.;cdt.managedbuild.tool.gnu.cpp.compiler.mingw.exe.debug.1256717455;cdt.managedbuild.tool.gnu.cpp.compiler.input.1305148834">
            			
            <autodiscovery enabled="true" problemReportingEnabled="true" selectedProfileId=""/>
            		
        </scannerConfigBuildInfo>
        		
        <scannerConfigBuildInfo instanceId="cdt.managedbuild.config.gnu.mingw.exe.debug.1704620245;cdt.managedbuild.config.gnu.mingw.exe.debug.1704620245.;cdt.managedbuild.tool.gnu.c.compiler.mingw.exe.debug.572992710;cdt.managedbuild.tool.gnu.c.compiler.input.226442122">
            			
            <autodiscovery enabled="true" problemReportingEnabled="true" selectedProfileId=""/>
            		
        </scannerConfigBuildInfo>
        		
        <scannerConfigBuildInfo instanceId="cdt.managedbuild.config.gnu.mingw.exe.debug.890562052;cdt.managedbuild.config.gnu.mingw.exe.debug.890562052.;cdt.managedbuild.tool.gnu.c.compiler.mingw.exe.debug.1070650780;cdt.managedbuild.tool.gnu.c.compiler.input.369502146">
            			
            <autodiscovery enabled="true" problemReportingEnabled="true" selectedProfileId=""/>
            		
        </scannerConfigBuildInfo>
        		
        <scannerConfigBuildInfo instanceId="cdt.managedbuild.config.gnu.mingw.exe.release.2014217490;cdt.managedbuild.config.gnu.mingw.exe.release.2014217490.;cdt.managedbuild.tool.gnu.cpp.compiler.mingw.exe.release.1320435116;cdt.managedbuild.tool.gnu.cpp.compiler.input.1645157424">
            			
            <autodiscovery enabled="true" problemReportingEnabled="true" selectedProfileId=""/>
            		
        </scannerConfigBuildInfo>
        	
    </storageModule>
    	
    <storageModule moduleId="org.eclipse.cdt.core.LanguageSettingsProviders"/>
    	
    <storageModule moduleId="refreshScope"/>
    	
    <storageModule moduleId="org.eclipse.cdt.make.core.buildtargets"/>
    
</cproject>
