<?xml version="1.0" encoding="UTF-8" standalone="no"?>
<?fileVersion 4.0.0?><cproject storage_type_id="org.eclipse.cdt.core.XmlProjectDescriptionStorage">
	<storageModule moduleId="org.eclipse.cdt.core.settings">
		<cconfiguration id="cdt.managedbuild.config.gnu.mingw.exe.debug.913679391">
			<storageModule buildSystemId="org.eclipse.cdt.managedbuilder.core.configurationDataProvider" id="cdt.managedbuild.config.gnu.mingw.exe.debug.913679391" moduleId="org.eclipse.cdt.core.settings" name="Debug">
				<externalSettings/>
				<extensions>
					<extension id="org.eclipse.cdt.core.PE" point="org.eclipse.cdt.core.BinaryParser"/>
					<extension id="org.eclipse.cdt.core.GASErrorParser" point="org.eclipse.cdt.core.ErrorParser"/>
					<extension id="org.eclipse.cdt.core.GLDErrorParser" point="org.eclipse.cdt.core.ErrorParser"/>
					<extension id="org.eclipse.cdt.core.GCCErrorParser" point="org.eclipse.cdt.core.ErrorParser"/>
				</extensions>
			</storageModule>
			<storageModule moduleId="cdtBuildSystem" version="4.0.0">
				<configuration artifactName="${ProjName}" buildArtefactType="org.eclipse.cdt.build.core.buildArtefactType.exe" buildProperties="org.eclipse.cdt.build.core.buildArtefactType=org.eclipse.cdt.build.core.buildArtefactType.exe,org.eclipse.cdt.build.core.buildType=org.eclipse.cdt.build.core.buildType.debug" cleanCommand="rm -rf" description="" id="cdt.managedbuild.config.gnu.mingw.exe.debug.913679391" name="Debug" parent="cdt.managedbuild.config.gnu.mingw.exe.debug">
					<folderInfo id="cdt.managedbuild.config.gnu.mingw.exe.debug.913679391." name="/" resourcePath="">
						<toolChain id="cdt.managedbuild.toolchain.gnu.mingw.exe.debug.6139027" name="MinGW GCC" superClass="cdt.managedbuild.toolchain.gnu.mingw.exe.debug">
							<targetPlatform id="cdt.managedbuild.target.gnu.platform.mingw.exe.debug.1966595787" name="Debug Platform" superClass="cdt.managedbuild.target.gnu.platform.mingw.exe.debug"/>
							<builder buildPath="${workspace_loc:/RespiteServicesEvaluation}/Debug" id="cdt.managedbuild.tool.gnu.builder.mingw.base.359513532" keepEnvironmentInBuildfile="false" managedBuildOn="true" name="CDT Internal Builder" superClass="cdt.managedbuild.tool.gnu.builder.mingw.base"/>
							<tool id="cdt.managedbuild.tool.gnu.assembler.mingw.exe.debug.1407340827" name="GCC Assembler" superClass="cdt.managedbuild.tool.gnu.assembler.mingw.exe.debug">
								<inputType id="cdt.managedbuild.tool.gnu.assembler.input.1511915428" superClass="cdt.managedbuild.tool.gnu.assembler.input"/>
							</tool>
							<tool id="cdt.managedbuild.tool.gnu.archiver.mingw.base.1699368272" name="GCC Archiver" superClass="cdt.managedbuild.tool.gnu.archiver.mingw.base"/>
							<tool commandLinePattern="${COMMAND} ${FLAGS} ${OUTPUT_FLAG} ${OUTPUT_PREFIX}${OUTPUT} ${INPUTS}" id="cdt.managedbuild.tool.gnu.cpp.compiler.mingw.exe.debug.1900123605" name="GCC C++ Compiler" superClass="cdt.managedbuild.tool.gnu.cpp.compiler.mingw.exe.debug">
								<option id="gnu.cpp.compiler.mingw.exe.debug.option.optimization.level.1996606319" name="Optimization Level" superClass="gnu.cpp.compiler.mingw.exe.debug.option.optimization.level" useByScannerDiscovery="false" value="gnu.cpp.compiler.optimization.level.none" valueType="enumerated"/>
								<option id="gnu.cpp.compiler.mingw.exe.debug.option.debugging.level.1050003729" name="Debug Level" superClass="gnu.cpp.compiler.mingw.exe.debug.option.debugging.level" useByScannerDiscovery="false" value="gnu.cpp.compiler.debugging.level.max" valueType="enumerated"/>
								<inputType id="cdt.managedbuild.tool.gnu.cpp.compiler.input.1260523731" superClass="cdt.managedbuild.tool.gnu.cpp.compiler.input"/>
							</tool>
							<tool id="cdt.managedbuild.tool.gnu.c.compiler.mingw.exe.debug.1176245313" name="GCC C Compiler" superClass="cdt.managedbuild.tool.gnu.c.compiler.mingw.exe.debug">
								<option defaultValue="gnu.c.optimization.level.none" id="gnu.c.compiler.mingw.exe.debug.option.optimization.level.195809706" name="Optimization Level" superClass="gnu.c.compiler.mingw.exe.debug.option.optimization.level" useByScannerDiscovery="false" valueType="enumerated"/>
								<option id="gnu.c.compiler.mingw.exe.debug.option.debugging.level.446106161" name="Debug Level" superClass="gnu.c.compiler.mingw.exe.debug.option.debugging.level" useByScannerDiscovery="false" value="gnu.c.debugging.level.max" valueType="enumerated"/>
								<inputType id="cdt.managedbuild.tool.gnu.c.compiler.input.1325569951" superClass="cdt.managedbuild.tool.gnu.c.compiler.input"/>
							</tool>
							<tool id="cdt.managedbuild.tool.gnu.c.linker.mingw.exe.debug.1632200846" name="MinGW C Linker" superClass="cdt.managedbuild.tool.gnu.c.linker.mingw.exe.debug"/>
							<tool id="cdt.managedbuild.tool.gnu.cpp.linker.mingw.exe.debug.892996603" name="MinGW C++ Linker" superClass="cdt.managedbuild.tool.gnu.cpp.linker.mingw.exe.debug">
								<inputType id="cdt.managedbuild.tool.gnu.cpp.linker.input.392752704" superClass="cdt.managedbuild.tool.gnu.cpp.linker.input">
									<additionalInput kind="additionalinputdependency" paths="$(USER_OBJS)"/>
									<additionalInput kind="additionalinput" paths="$(LIBS)"/>
								</inputType>
							</tool>
						</toolChain>
					</folderInfo>
				</configuration>
			</storageModule>
			<storageModule moduleId="org.eclipse.cdt.core.externalSettings"/>
		</cconfiguration>
		<cconfiguration id="cdt.managedbuild.config.gnu.mingw.exe.release.1202490601">
			<storageModule buildSystemId="org.eclipse.cdt.managedbuilder.core.configurationDataProvider" id="cdt.managedbuild.config.gnu.mingw.exe.release.1202490601" moduleId="org.eclipse.cdt.core.settings" name="Release">
				<externalSettings/>
				<extensions>
					<extension id="org.eclipse.cdt.core.PE" point="org.eclipse.cdt.core.BinaryParser"/>
					<extension id="org.eclipse.cdt.core.GASErrorParser" point="org.eclipse.cdt.core.ErrorParser"/>
					<extension id="org.eclipse.cdt.core.GLDErrorParser" point="org.eclipse.cdt.core.ErrorParser"/>
					<extension id="org.eclipse.cdt.core.GCCErrorParser" point="org.eclipse.cdt.core.ErrorParser"/>
				</extensions>
			</storageModule>
			<storageModule moduleId="cdtBuildSystem" version="4.0.0">
				<configuration artifactName="${ProjName}" buildArtefactType="org.eclipse.cdt.build.core.buildArtefactType.exe" buildProperties="org.eclipse.cdt.build.core.buildArtefactType=org.eclipse.cdt.build.core.buildArtefactType.exe,org.eclipse.cdt.build.core.buildType=org.eclipse.cdt.build.core.buildType.release" cleanCommand="rm -rf" description="" id="cdt.managedbuild.config.gnu.mingw.exe.release.1202490601" name="Release" parent="cdt.managedbuild.config.gnu.mingw.exe.release">
					<folderInfo id="cdt.managedbuild.config.gnu.mingw.exe.release.1202490601." name="/" resourcePath="">
						<toolChain id="cdt.managedbuild.toolchain.gnu.mingw.exe.release.1184774705" name="MinGW GCC" superClass="cdt.managedbuild.toolchain.gnu.mingw.exe.release">
							<targetPlatform id="cdt.managedbuild.target.gnu.platform.mingw.exe.release.1731893762" name="Debug Platform" superClass="cdt.managedbuild.target.gnu.platform.mingw.exe.release"/>
							<builder buildPath="${workspace_loc:/RespiteServicesEvaluation}/Release" id="cdt.managedbuild.tool.gnu.builder.mingw.base.937039687" keepEnvironmentInBuildfile="false" managedBuildOn="true" name="CDT Internal Builder" superClass="cdt.managedbuild.tool.gnu.builder.mingw.base"/>
							<tool id="cdt.managedbuild.tool.gnu.assembler.mingw.exe.release.2090516094" name="GCC Assembler" superClass="cdt.managedbuild.tool.gnu.assembler.mingw.exe.release">
								<inputType id="cdt.managedbuild.tool.gnu.assembler.input.281764560" superClass="cdt.managedbuild.tool.gnu.assembler.input"/>
							</tool>
							<tool id="cdt.managedbuild.tool.gnu.archiver.mingw.base.1278815439" name="GCC Archiver" superClass="cdt.managedbuild.tool.gnu.archiver.mingw.base"/>
							<tool id="cdt.managedbuild.tool.gnu.cpp.compiler.mingw.exe.release.1010544061" name="GCC C++ Compiler" superClass="cdt.managedbuild.tool.gnu.cpp.compiler.mingw.exe.release">
								<option id="gnu.cpp.compiler.mingw.exe.release.option.optimization.level.2110617955" name="Optimization Level" superClass="gnu.cpp.compiler.mingw.exe.release.option.optimization.level" useByScannerDiscovery="false" value="gnu.cpp.compiler.optimization.level.most" valueType="enumerated"/>
								<option id="gnu.cpp.compiler.mingw.exe.release.option.debugging.level.422259813" name="Debug Level" superClass="gnu.cpp.compiler.mingw.exe.release.option.debugging.level" useByScannerDiscovery="false" value="gnu.cpp.compiler.debugging.level.none" valueType="enumerated"/>
								<inputType id="cdt.managedbuild.tool.gnu.cpp.compiler.input.237167682" superClass="cdt.managedbuild.tool.gnu.cpp.compiler.input"/>
							</tool>
							<tool id="cdt.managedbuild.tool.gnu.c.compiler.mingw.exe.release.1298734435" name="GCC C Compiler" superClass="cdt.managedbuild.tool.gnu.c.compiler.mingw.exe.release">
								<option defaultValue="gnu.c.optimization.level.most" id="gnu.c.compiler.mingw.exe.release.option.optimization.level.1589534131" name="Optimization Level" superClass="gnu.c.compiler.mingw.exe.release.option.optimization.level" useByScannerDiscovery="false" valueType="enumerated"/>
								<option id="gnu.c.compiler.mingw.exe.release.option.debugging.level.822381966" name="Debug Level" superClass="gnu.c.compiler.mingw.exe.release.option.debugging.level" useByScannerDiscovery="false" value="gnu.c.debugging.level.none" valueType="enumerated"/>
								<inputType id="cdt.managedbuild.tool.gnu.c.compiler.input.1226072210" superClass="cdt.managedbuild.tool.gnu.c.compiler.input"/>
							</tool>
							<tool id="cdt.managedbuild.tool.gnu.c.linker.mingw.exe.release.971861964" name="MinGW C Linker" superClass="cdt.managedbuild.tool.gnu.c.linker.mingw.exe.release"/>
							<tool id="cdt.managedbuild.tool.gnu.cpp.linker.mingw.exe.release.1842879698" name="MinGW C++ Linker" superClass="cdt.managedbuild.tool.gnu.cpp.linker.mingw.exe.release">
								<inputType id="cdt.managedbuild.tool.gnu.cpp.linker.input.1586067433" superClass="cdt.managedbuild.tool.gnu.cpp.linker.input">
									<additionalInput kind="additionalinputdependency" paths="$(USER_OBJS)"/>
									<additionalInput kind="additionalinput" paths="$(LIBS)"/>
								</inputType>
							</tool>
						</toolChain>
					</folderInfo>
				</configuration>
			</storageModule>
			<storageModule moduleId="org.eclipse.cdt.core.externalSettings"/>
		</cconfiguration>
	</storageModule>
	<storageModule moduleId="cdtBuildSystem" version="4.0.0">
		<project id="RespiteServicesEvaluation.cdt.managedbuild.target.gnu.mingw.exe.2082005258" name="Executable" projectType="cdt.managedbuild.target.gnu.mingw.exe"/>
	</storageModule>
	<storageModule moduleId="scannerConfiguration">
		<autodiscovery enabled="true" problemReportingEnabled="true" selectedProfileId=""/>
		<scannerConfigBuildInfo instanceId="cdt.managedbuild.config.gnu.mingw.exe.release.1202490601;cdt.managedbuild.config.gnu.mingw.exe.release.1202490601.;cdt.managedbuild.tool.gnu.c.compiler.mingw.exe.release.1298734435;cdt.managedbuild.tool.gnu.c.compiler.input.1226072210">
			<autodiscovery enabled="true" problemReportingEnabled="true" selectedProfileId=""/>
		</scannerConfigBuildInfo>
		<scannerConfigBuildInfo instanceId="cdt.managedbuild.config.gnu.mingw.exe.release.1202490601;cdt.managedbuild.config.gnu.mingw.exe.release.1202490601.;cdt.managedbuild.tool.gnu.cpp.compiler.mingw.exe.release.1010544061;cdt.managedbuild.tool.gnu.cpp.compiler.input.237167682">
			<autodiscovery enabled="true" problemReportingEnabled="true" selectedProfileId=""/>
		</scannerConfigBuildInfo>
		<scannerConfigBuildInfo instanceId="cdt.managedbuild.config.gnu.mingw.exe.debug.913679391;cdt.managedbuild.config.gnu.mingw.exe.debug.913679391.;cdt.managedbuild.tool.gnu.c.compiler.mingw.exe.debug.1176245313;cdt.managedbuild.tool.gnu.c.compiler.input.1325569951">
			<autodiscovery enabled="true" problemReportingEnabled="true" selectedProfileId=""/>
		</scannerConfigBuildInfo>
		<scannerConfigBuildInfo instanceId="cdt.managedbuild.config.gnu.mingw.exe.debug.913679391;cdt.managedbuild.config.gnu.mingw.exe.debug.913679391.;cdt.managedbuild.tool.gnu.cpp.compiler.mingw.exe.debug.1900123605;cdt.managedbuild.tool.gnu.cpp.compiler.input.1260523731">
			<autodiscovery enabled="true" problemReportingEnabled="true" selectedProfileId=""/>
		</scannerConfigBuildInfo>
	</storageModule>
	<storageModule moduleId="org.eclipse.cdt.core.LanguageSettingsProviders"/>
	<storageModule moduleId="org.eclipse.cdt.make.core.buildtargets"/>
	<storageModule moduleId="refreshScope"/>
</cproject>
