<?xml version="1.0" encoding="UTF-8" standalone="no"?>
<?fileVersion 4.0.0?><cproject storage_type_id="org.eclipse.cdt.core.XmlProjectDescriptionStorage">
    	
    <storageModule moduleId="org.eclipse.cdt.core.settings">
        		
        <cconfiguration id="cdt.managedbuild.config.gnu.mingw.exe.debug.22864956">
            			
            <storageModule buildSystemId="org.eclipse.cdt.managedbuilder.core.configurationDataProvider" id="cdt.managedbuild.config.gnu.mingw.exe.debug.22864956" moduleId="org.eclipse.cdt.core.settings" name="Debug">
                				
                <externalSettings/>
                				
                <extensions>
                    					
                    <extension id="org.eclipse.cdt.core.PE" point="org.eclipse.cdt.core.BinaryParser"/>
                    					
                    <extension id="org.eclipse.cdt.core.GASErrorParser" point="org.eclipse.cdt.core.ErrorParser"/>
                    					
                    <extension id="org.eclipse.cdt.core.GLDErrorParser" point="org.eclipse.cdt.core.ErrorParser"/>
                    					
                    <extension id="org.eclipse.cdt.core.GCCErrorParser" point="org.eclipse.cdt.core.ErrorParser"/>
                    				
                </extensions>
                			
            </storageModule>
            			
            <storageModule moduleId="cdtBuildSystem" version="4.0.0">
                				
                <configuration artifactName="${ProjName}" buildArtefactType="org.eclipse.cdt.build.core.buildArtefactType.exe" buildProperties="org.eclipse.cdt.build.core.buildArtefactType=org.eclipse.cdt.build.core.buildArtefactType.exe,org.eclipse.cdt.build.core.buildType=org.eclipse.cdt.build.core.buildType.debug" cleanCommand="rm -rf" description="" id="cdt.managedbuild.config.gnu.mingw.exe.debug.22864956" name="Debug" parent="cdt.managedbuild.config.gnu.mingw.exe.debug">
                    					
                    <folderInfo id="cdt.managedbuild.config.gnu.mingw.exe.debug.22864956." name="/" resourcePath="">
                        						
                        <toolChain id="cdt.managedbuild.toolchain.gnu.mingw.exe.debug.1433774902" name="MinGW GCC" superClass="cdt.managedbuild.toolchain.gnu.mingw.exe.debug">
                            							
                            <targetPlatform id="cdt.managedbuild.target.gnu.platform.mingw.exe.debug.310682085" name="Debug Platform" superClass="cdt.managedbuild.target.gnu.platform.mingw.exe.debug"/>
                            							
                            <builder buildPath="${workspace_loc:/respiteTemp}/Debug" id="cdt.managedbuild.tool.gnu.builder.mingw.base.1195188081" managedBuildOn="true" name="CDT Internal Builder.Debug" superClass="cdt.managedbuild.tool.gnu.builder.mingw.base"/>
                            							
                            <tool id="cdt.managedbuild.tool.gnu.assembler.mingw.exe.debug.1095238625" name="GCC Assembler" superClass="cdt.managedbuild.tool.gnu.assembler.mingw.exe.debug">
                                								
                                <inputType id="cdt.managedbuild.tool.gnu.assembler.input.241531729" superClass="cdt.managedbuild.tool.gnu.assembler.input"/>
                                							
                            </tool>
                            							
                            <tool id="cdt.managedbuild.tool.gnu.archiver.mingw.base.1387395214" name="GCC Archiver" superClass="cdt.managedbuild.tool.gnu.archiver.mingw.base"/>
                            							
                            <tool id="cdt.managedbuild.tool.gnu.cpp.compiler.mingw.exe.debug.834489855" name="GCC C++ Compiler" superClass="cdt.managedbuild.tool.gnu.cpp.compiler.mingw.exe.debug">
                                								
                                <option id="gnu.cpp.compiler.mingw.exe.debug.option.optimization.level.1078996121" superClass="gnu.cpp.compiler.mingw.exe.debug.option.optimization.level" value="gnu.cpp.compiler.optimization.level.none" valueType="enumerated"/>
                                								
                                <option id="gnu.cpp.compiler.mingw.exe.debug.option.debugging.level.1615343045" superClass="gnu.cpp.compiler.mingw.exe.debug.option.debugging.level" value="gnu.cpp.compiler.debugging.level.max" valueType="enumerated"/>
                                								
                                <inputType id="cdt.managedbuild.tool.gnu.cpp.compiler.input.1216071236" superClass="cdt.managedbuild.tool.gnu.cpp.compiler.input"/>
                                							
                            </tool>
                            							
                            <tool id="cdt.managedbuild.tool.gnu.c.compiler.mingw.exe.debug.600833198" name="GCC C Compiler" superClass="cdt.managedbuild.tool.gnu.c.compiler.mingw.exe.debug">
                                								
                                <option defaultValue="gnu.c.optimization.level.none" id="gnu.c.compiler.mingw.exe.debug.option.optimization.level.840155034" superClass="gnu.c.compiler.mingw.exe.debug.option.optimization.level" valueType="enumerated"/>
                                								
                                <option id="gnu.c.compiler.mingw.exe.debug.option.debugging.level.1612480247" superClass="gnu.c.compiler.mingw.exe.debug.option.debugging.level" value="gnu.c.debugging.level.max" valueType="enumerated"/>
                                								
                                <inputType id="cdt.managedbuild.tool.gnu.c.compiler.input.707189642" superClass="cdt.managedbuild.tool.gnu.c.compiler.input"/>
                                							
                            </tool>
                            							
                            <tool id="cdt.managedbuild.tool.gnu.c.linker.mingw.exe.debug.1980683663" name="MinGW C Linker" superClass="cdt.managedbuild.tool.gnu.c.linker.mingw.exe.debug"/>
                            							
                            <tool id="cdt.managedbuild.tool.gnu.cpp.linker.mingw.exe.debug.2009702875" name="MinGW C++ Linker" superClass="cdt.managedbuild.tool.gnu.cpp.linker.mingw.exe.debug">
                                								
                                <inputType id="cdt.managedbuild.tool.gnu.cpp.linker.input.1446875328" superClass="cdt.managedbuild.tool.gnu.cpp.linker.input">
                                    									
                                    <additionalInput kind="additionalinputdependency" paths="$(USER_OBJS)"/>
                                    									
                                    <additionalInput kind="additionalinput" paths="$(LIBS)"/>
                                    								
                                </inputType>
                                							
                            </tool>
                            						
                        </toolChain>
                        					
                    </folderInfo>
                    				
                </configuration>
                			
            </storageModule>
            			
            <storageModule moduleId="org.eclipse.cdt.core.externalSettings"/>
            		
        </cconfiguration>
        		
        <cconfiguration id="cdt.managedbuild.config.gnu.mingw.exe.release.1049550237">
            			
            <storageModule buildSystemId="org.eclipse.cdt.managedbuilder.core.configurationDataProvider" id="cdt.managedbuild.config.gnu.mingw.exe.release.1049550237" moduleId="org.eclipse.cdt.core.settings" name="Release">
                				
                <externalSettings/>
                				
                <extensions>
                    					
                    <extension id="org.eclipse.cdt.core.PE" point="org.eclipse.cdt.core.BinaryParser"/>
                    					
                    <extension id="org.eclipse.cdt.core.GASErrorParser" point="org.eclipse.cdt.core.ErrorParser"/>
                    					
                    <extension id="org.eclipse.cdt.core.GLDErrorParser" point="org.eclipse.cdt.core.ErrorParser"/>
                    					
                    <extension id="org.eclipse.cdt.core.GCCErrorParser" point="org.eclipse.cdt.core.ErrorParser"/>
                    				
                </extensions>
                			
            </storageModule>
            			
            <storageModule moduleId="cdtBuildSystem" version="4.0.0">
                				
                <configuration artifactName="${ProjName}" buildArtefactType="org.eclipse.cdt.build.core.buildArtefactType.exe" buildProperties="org.eclipse.cdt.build.core.buildArtefactType=org.eclipse.cdt.build.core.buildArtefactType.exe,org.eclipse.cdt.build.core.buildType=org.eclipse.cdt.build.core.buildType.release" cleanCommand="rm -rf" description="" id="cdt.managedbuild.config.gnu.mingw.exe.release.1049550237" name="Release" parent="cdt.managedbuild.config.gnu.mingw.exe.release">
                    					
                    <folderInfo id="cdt.managedbuild.config.gnu.mingw.exe.release.1049550237." name="/" resourcePath="">
                        						
                        <toolChain id="cdt.managedbuild.toolchain.gnu.mingw.exe.release.1501340907" name="MinGW GCC" superClass="cdt.managedbuild.toolchain.gnu.mingw.exe.release">
                            							
                            <targetPlatform id="cdt.managedbuild.target.gnu.platform.mingw.exe.release.715722349" name="Debug Platform" superClass="cdt.managedbuild.target.gnu.platform.mingw.exe.release"/>
                            							
                            <builder buildPath="${workspace_loc:/respiteTemp}/Release" id="cdt.managedbuild.tool.gnu.builder.mingw.base.1328376014" managedBuildOn="true" name="CDT Internal Builder.Release" superClass="cdt.managedbuild.tool.gnu.builder.mingw.base"/>
                            							
                            <tool id="cdt.managedbuild.tool.gnu.assembler.mingw.exe.release.1839465508" name="GCC Assembler" superClass="cdt.managedbuild.tool.gnu.assembler.mingw.exe.release">
                                								
                                <inputType id="cdt.managedbuild.tool.gnu.assembler.input.425761692" superClass="cdt.managedbuild.tool.gnu.assembler.input"/>
                                							
                            </tool>
                            							
                            <tool id="cdt.managedbuild.tool.gnu.archiver.mingw.base.1108403394" name="GCC Archiver" superClass="cdt.managedbuild.tool.gnu.archiver.mingw.base"/>
                            							
                            <tool id="cdt.managedbuild.tool.gnu.cpp.compiler.mingw.exe.release.1755820887" name="GCC C++ Compiler" superClass="cdt.managedbuild.tool.gnu.cpp.compiler.mingw.exe.release">
                                								
                                <option id="gnu.cpp.compiler.mingw.exe.release.option.optimization.level.1511521875" superClass="gnu.cpp.compiler.mingw.exe.release.option.optimization.level" value="gnu.cpp.compiler.optimization.level.most" valueType="enumerated"/>
                                								
                                <option id="gnu.cpp.compiler.mingw.exe.release.option.debugging.level.1339766161" superClass="gnu.cpp.compiler.mingw.exe.release.option.debugging.level" value="gnu.cpp.compiler.debugging.level.none" valueType="enumerated"/>
                                								
                                <inputType id="cdt.managedbuild.tool.gnu.cpp.compiler.input.941429409" superClass="cdt.managedbuild.tool.gnu.cpp.compiler.input"/>
                                							
                            </tool>
                            							
                            <tool id="cdt.managedbuild.tool.gnu.c.compiler.mingw.exe.release.979255479" name="GCC C Compiler" superClass="cdt.managedbuild.tool.gnu.c.compiler.mingw.exe.release">
                                								
                                <option defaultValue="gnu.c.optimization.level.most" id="gnu.c.compiler.mingw.exe.release.option.optimization.level.198109346" superClass="gnu.c.compiler.mingw.exe.release.option.optimization.level" valueType="enumerated"/>
                                								
                                <option id="gnu.c.compiler.mingw.exe.release.option.debugging.level.1537286333" superClass="gnu.c.compiler.mingw.exe.release.option.debugging.level" value="gnu.c.debugging.level.none" valueType="enumerated"/>
                                								
                                <inputType id="cdt.managedbuild.tool.gnu.c.compiler.input.696652256" superClass="cdt.managedbuild.tool.gnu.c.compiler.input"/>
                                							
                            </tool>
                            							
                            <tool id="cdt.managedbuild.tool.gnu.c.linker.mingw.exe.release.261878756" name="MinGW C Linker" superClass="cdt.managedbuild.tool.gnu.c.linker.mingw.exe.release"/>
                            							
                            <tool id="cdt.managedbuild.tool.gnu.cpp.linker.mingw.exe.release.1133653901" name="MinGW C++ Linker" superClass="cdt.managedbuild.tool.gnu.cpp.linker.mingw.exe.release">
                                								
                                <inputType id="cdt.managedbuild.tool.gnu.cpp.linker.input.555454739" superClass="cdt.managedbuild.tool.gnu.cpp.linker.input">
                                    									
                                    <additionalInput kind="additionalinputdependency" paths="$(USER_OBJS)"/>
                                    									
                                    <additionalInput kind="additionalinput" paths="$(LIBS)"/>
                                    								
                                </inputType>
                                							
                            </tool>
                            						
                        </toolChain>
                        					
                    </folderInfo>
                    				
                </configuration>
                			
            </storageModule>
            			
            <storageModule moduleId="org.eclipse.cdt.core.externalSettings"/>
            		
        </cconfiguration>
        	
    </storageModule>
    	
    <storageModule moduleId="cdtBuildSystem" version="4.0.0">
        		
        <project id="respiteTemp.cdt.managedbuild.target.gnu.mingw.exe.1050939485" name="Executable" projectType="cdt.managedbuild.target.gnu.mingw.exe"/>
        	
    </storageModule>
    	
    <storageModule moduleId="scannerConfiguration">
        		
        <autodiscovery enabled="true" problemReportingEnabled="true" selectedProfileId=""/>
        		
        <scannerConfigBuildInfo instanceId="cdt.managedbuild.config.gnu.mingw.exe.release.1049550237;cdt.managedbuild.config.gnu.mingw.exe.release.1049550237.;cdt.managedbuild.tool.gnu.c.compiler.mingw.exe.release.979255479;cdt.managedbuild.tool.gnu.c.compiler.input.696652256">
            			
            <autodiscovery enabled="true" problemReportingEnabled="true" selectedProfileId=""/>
            		
        </scannerConfigBuildInfo>
        		
        <scannerConfigBuildInfo instanceId="cdt.managedbuild.config.gnu.mingw.exe.debug.22864956;cdt.managedbuild.config.gnu.mingw.exe.debug.22864956.;cdt.managedbuild.tool.gnu.cpp.compiler.mingw.exe.debug.834489855;cdt.managedbuild.tool.gnu.cpp.compiler.input.1216071236">
            			
            <autodiscovery enabled="true" problemReportingEnabled="true" selectedProfileId=""/>
            		
        </scannerConfigBuildInfo>
        		
        <scannerConfigBuildInfo instanceId="cdt.managedbuild.config.gnu.mingw.exe.release.1049550237;cdt.managedbuild.config.gnu.mingw.exe.release.1049550237.;cdt.managedbuild.tool.gnu.cpp.compiler.mingw.exe.release.1755820887;cdt.managedbuild.tool.gnu.cpp.compiler.input.941429409">
            			
            <autodiscovery enabled="true" problemReportingEnabled="true" selectedProfileId=""/>
            		
        </scannerConfigBuildInfo>
        		
        <scannerConfigBuildInfo instanceId="cdt.managedbuild.config.gnu.mingw.exe.debug.22864956;cdt.managedbuild.config.gnu.mingw.exe.debug.22864956.;cdt.managedbuild.tool.gnu.c.compiler.mingw.exe.debug.600833198;cdt.managedbuild.tool.gnu.c.compiler.input.707189642">
            			
            <autodiscovery enabled="true" problemReportingEnabled="true" selectedProfileId=""/>
            		
        </scannerConfigBuildInfo>
        	
    </storageModule>
    	
    <storageModule moduleId="org.eclipse.cdt.core.LanguageSettingsProviders"/>
    	
    <storageModule moduleId="org.eclipse.cdt.make.core.buildtargets"/>
    
</cproject>
