<?xml version="1.0" encoding="UTF-8" standalone="no"?>
<?fileVersion 4.0.0?><cproject storage_type_id="org.eclipse.cdt.core.XmlProjectDescriptionStorage">
    	
    <storageModule moduleId="org.eclipse.cdt.core.settings">
        		
        <cconfiguration id="cdt.managedbuild.config.gnu.mingw.exe.debug.878212028">
            			
            <storageModule buildSystemId="org.eclipse.cdt.managedbuilder.core.configurationDataProvider" id="cdt.managedbuild.config.gnu.mingw.exe.debug.878212028" moduleId="org.eclipse.cdt.core.settings" name="Debug">
                				
                <externalSettings/>
                				
                <extensions>
                    					
                    <extension id="org.eclipse.cdt.core.PE" point="org.eclipse.cdt.core.BinaryParser"/>
                    					
                    <extension id="org.eclipse.cdt.core.GASErrorParser" point="org.eclipse.cdt.core.ErrorParser"/>
                    					
                    <extension id="org.eclipse.cdt.core.GLDErrorParser" point="org.eclipse.cdt.core.ErrorParser"/>
                    					
                    <extension id="org.eclipse.cdt.core.GCCErrorParser" point="org.eclipse.cdt.core.ErrorParser"/>
                    				
                </extensions>
                			
            </storageModule>
            			
            <storageModule moduleId="cdtBuildSystem" version="4.0.0">
                				
                <configuration artifactName="${ProjName}" buildArtefactType="org.eclipse.cdt.build.core.buildArtefactType.exe" buildProperties="org.eclipse.cdt.build.core.buildArtefactType=org.eclipse.cdt.build.core.buildArtefactType.exe,org.eclipse.cdt.build.core.buildType=org.eclipse.cdt.build.core.buildType.debug" cleanCommand="rm -rf" description="" id="cdt.managedbuild.config.gnu.mingw.exe.debug.878212028" name="Debug" parent="cdt.managedbuild.config.gnu.mingw.exe.debug">
                    					
                    <folderInfo id="cdt.managedbuild.config.gnu.mingw.exe.debug.878212028." name="/" resourcePath="">
                        						
                        <toolChain id="cdt.managedbuild.toolchain.gnu.mingw.exe.debug.843924111" name="MinGW GCC" superClass="cdt.managedbuild.toolchain.gnu.mingw.exe.debug">
                            							
                            <targetPlatform id="cdt.managedbuild.target.gnu.platform.mingw.exe.debug.119692375" name="Debug Platform" superClass="cdt.managedbuild.target.gnu.platform.mingw.exe.debug"/>
                            							
                            <builder buildPath="${workspace_loc:/respiteServiceEvaluation}/Debug" id="cdt.managedbuild.tool.gnu.builder.mingw.base.1958095203" managedBuildOn="true" name="CDT Internal Builder.Debug" superClass="cdt.managedbuild.tool.gnu.builder.mingw.base"/>
                            							
                            <tool id="cdt.managedbuild.tool.gnu.assembler.mingw.exe.debug.1991138767" name="GCC Assembler" superClass="cdt.managedbuild.tool.gnu.assembler.mingw.exe.debug">
                                								
                                <inputType id="cdt.managedbuild.tool.gnu.assembler.input.955648077" superClass="cdt.managedbuild.tool.gnu.assembler.input"/>
                                							
                            </tool>
                            							
                            <tool id="cdt.managedbuild.tool.gnu.archiver.mingw.base.701231540" name="GCC Archiver" superClass="cdt.managedbuild.tool.gnu.archiver.mingw.base"/>
                            							
                            <tool id="cdt.managedbuild.tool.gnu.cpp.compiler.mingw.exe.debug.373242477" name="GCC C++ Compiler" superClass="cdt.managedbuild.tool.gnu.cpp.compiler.mingw.exe.debug">
                                								
                                <option id="gnu.cpp.compiler.mingw.exe.debug.option.optimization.level.2146242769" superClass="gnu.cpp.compiler.mingw.exe.debug.option.optimization.level" value="gnu.cpp.compiler.optimization.level.none" valueType="enumerated"/>
                                								
                                <option id="gnu.cpp.compiler.mingw.exe.debug.option.debugging.level.629501865" superClass="gnu.cpp.compiler.mingw.exe.debug.option.debugging.level" value="gnu.cpp.compiler.debugging.level.max" valueType="enumerated"/>
                                								
                                <inputType id="cdt.managedbuild.tool.gnu.cpp.compiler.input.1171067412" superClass="cdt.managedbuild.tool.gnu.cpp.compiler.input"/>
                                							
                            </tool>
                            							
                            <tool id="cdt.managedbuild.tool.gnu.c.compiler.mingw.exe.debug.588121480" name="GCC C Compiler" superClass="cdt.managedbuild.tool.gnu.c.compiler.mingw.exe.debug">
                                								
                                <option defaultValue="gnu.c.optimization.level.none" id="gnu.c.compiler.mingw.exe.debug.option.optimization.level.1847297024" superClass="gnu.c.compiler.mingw.exe.debug.option.optimization.level" valueType="enumerated"/>
                                								
                                <option id="gnu.c.compiler.mingw.exe.debug.option.debugging.level.2052932576" superClass="gnu.c.compiler.mingw.exe.debug.option.debugging.level" value="gnu.c.debugging.level.max" valueType="enumerated"/>
                                								
                                <inputType id="cdt.managedbuild.tool.gnu.c.compiler.input.870907317" superClass="cdt.managedbuild.tool.gnu.c.compiler.input"/>
                                							
                            </tool>
                            							
                            <tool id="cdt.managedbuild.tool.gnu.c.linker.mingw.exe.debug.315723747" name="MinGW C Linker" superClass="cdt.managedbuild.tool.gnu.c.linker.mingw.exe.debug"/>
                            							
                            <tool id="cdt.managedbuild.tool.gnu.cpp.linker.mingw.exe.debug.407821423" name="MinGW C++ Linker" superClass="cdt.managedbuild.tool.gnu.cpp.linker.mingw.exe.debug">
                                								
                                <inputType id="cdt.managedbuild.tool.gnu.cpp.linker.input.1960223255" superClass="cdt.managedbuild.tool.gnu.cpp.linker.input">
                                    									
                                    <additionalInput kind="additionalinputdependency" paths="$(USER_OBJS)"/>
                                    									
                                    <additionalInput kind="additionalinput" paths="$(LIBS)"/>
                                    								
                                </inputType>
                                							
                            </tool>
                            						
                        </toolChain>
                        					
                    </folderInfo>
                    				
                </configuration>
                			
            </storageModule>
            			
            <storageModule moduleId="org.eclipse.cdt.core.externalSettings"/>
            		
        </cconfiguration>
        		
        <cconfiguration id="cdt.managedbuild.config.gnu.mingw.exe.release.521779025">
            			
            <storageModule buildSystemId="org.eclipse.cdt.managedbuilder.core.configurationDataProvider" id="cdt.managedbuild.config.gnu.mingw.exe.release.521779025" moduleId="org.eclipse.cdt.core.settings" name="Release">
                				
                <externalSettings/>
                				
                <extensions>
                    					
                    <extension id="org.eclipse.cdt.core.PE" point="org.eclipse.cdt.core.BinaryParser"/>
                    					
                    <extension id="org.eclipse.cdt.core.GASErrorParser" point="org.eclipse.cdt.core.ErrorParser"/>
                    					
                    <extension id="org.eclipse.cdt.core.GLDErrorParser" point="org.eclipse.cdt.core.ErrorParser"/>
                    					
                    <extension id="org.eclipse.cdt.core.GCCErrorParser" point="org.eclipse.cdt.core.ErrorParser"/>
                    				
                </extensions>
                			
            </storageModule>
            			
            <storageModule moduleId="cdtBuildSystem" version="4.0.0">
                				
                <configuration artifactName="${ProjName}" buildArtefactType="org.eclipse.cdt.build.core.buildArtefactType.exe" buildProperties="org.eclipse.cdt.build.core.buildArtefactType=org.eclipse.cdt.build.core.buildArtefactType.exe,org.eclipse.cdt.build.core.buildType=org.eclipse.cdt.build.core.buildType.release" cleanCommand="rm -rf" description="" id="cdt.managedbuild.config.gnu.mingw.exe.release.521779025" name="Release" parent="cdt.managedbuild.config.gnu.mingw.exe.release">
                    					
                    <folderInfo id="cdt.managedbuild.config.gnu.mingw.exe.release.521779025." name="/" resourcePath="">
                        						
                        <toolChain id="cdt.managedbuild.toolchain.gnu.mingw.exe.release.1444618494" name="MinGW GCC" superClass="cdt.managedbuild.toolchain.gnu.mingw.exe.release">
                            							
                            <targetPlatform id="cdt.managedbuild.target.gnu.platform.mingw.exe.release.1758304418" name="Debug Platform" superClass="cdt.managedbuild.target.gnu.platform.mingw.exe.release"/>
                            							
                            <builder buildPath="${workspace_loc:/respiteServiceEvaluation}/Release" id="cdt.managedbuild.tool.gnu.builder.mingw.base.1603822510" managedBuildOn="true" name="CDT Internal Builder.Release" superClass="cdt.managedbuild.tool.gnu.builder.mingw.base"/>
                            							
                            <tool id="cdt.managedbuild.tool.gnu.assembler.mingw.exe.release.167286024" name="GCC Assembler" superClass="cdt.managedbuild.tool.gnu.assembler.mingw.exe.release">
                                								
                                <inputType id="cdt.managedbuild.tool.gnu.assembler.input.1257202204" superClass="cdt.managedbuild.tool.gnu.assembler.input"/>
                                							
                            </tool>
                            							
                            <tool id="cdt.managedbuild.tool.gnu.archiver.mingw.base.55286900" name="GCC Archiver" superClass="cdt.managedbuild.tool.gnu.archiver.mingw.base"/>
                            							
                            <tool id="cdt.managedbuild.tool.gnu.cpp.compiler.mingw.exe.release.2082859712" name="GCC C++ Compiler" superClass="cdt.managedbuild.tool.gnu.cpp.compiler.mingw.exe.release">
                                								
                                <option id="gnu.cpp.compiler.mingw.exe.release.option.optimization.level.1341683360" superClass="gnu.cpp.compiler.mingw.exe.release.option.optimization.level" value="gnu.cpp.compiler.optimization.level.most" valueType="enumerated"/>
                                								
                                <option id="gnu.cpp.compiler.mingw.exe.release.option.debugging.level.1522574061" superClass="gnu.cpp.compiler.mingw.exe.release.option.debugging.level" value="gnu.cpp.compiler.debugging.level.none" valueType="enumerated"/>
                                								
                                <inputType id="cdt.managedbuild.tool.gnu.cpp.compiler.input.2070969183" superClass="cdt.managedbuild.tool.gnu.cpp.compiler.input"/>
                                							
                            </tool>
                            							
                            <tool id="cdt.managedbuild.tool.gnu.c.compiler.mingw.exe.release.1138112331" name="GCC C Compiler" superClass="cdt.managedbuild.tool.gnu.c.compiler.mingw.exe.release">
                                								
                                <option defaultValue="gnu.c.optimization.level.most" id="gnu.c.compiler.mingw.exe.release.option.optimization.level.566444683" superClass="gnu.c.compiler.mingw.exe.release.option.optimization.level" valueType="enumerated"/>
                                								
                                <option id="gnu.c.compiler.mingw.exe.release.option.debugging.level.1490335853" superClass="gnu.c.compiler.mingw.exe.release.option.debugging.level" value="gnu.c.debugging.level.none" valueType="enumerated"/>
                                								
                                <inputType id="cdt.managedbuild.tool.gnu.c.compiler.input.1777793481" superClass="cdt.managedbuild.tool.gnu.c.compiler.input"/>
                                							
                            </tool>
                            							
                            <tool id="cdt.managedbuild.tool.gnu.c.linker.mingw.exe.release.1794504391" name="MinGW C Linker" superClass="cdt.managedbuild.tool.gnu.c.linker.mingw.exe.release"/>
                            							
                            <tool id="cdt.managedbuild.tool.gnu.cpp.linker.mingw.exe.release.1498507222" name="MinGW C++ Linker" superClass="cdt.managedbuild.tool.gnu.cpp.linker.mingw.exe.release">
                                								
                                <inputType id="cdt.managedbuild.tool.gnu.cpp.linker.input.1328573682" superClass="cdt.managedbuild.tool.gnu.cpp.linker.input">
                                    									
                                    <additionalInput kind="additionalinputdependency" paths="$(USER_OBJS)"/>
                                    									
                                    <additionalInput kind="additionalinput" paths="$(LIBS)"/>
                                    								
                                </inputType>
                                							
                            </tool>
                            						
                        </toolChain>
                        					
                    </folderInfo>
                    				
                </configuration>
                			
            </storageModule>
            			
            <storageModule moduleId="org.eclipse.cdt.core.externalSettings"/>
            		
        </cconfiguration>
        	
    </storageModule>
    	
    <storageModule moduleId="cdtBuildSystem" version="4.0.0">
        		
        <project id="respiteServiceEvaluation.cdt.managedbuild.target.gnu.mingw.exe.42322852" name="Executable" projectType="cdt.managedbuild.target.gnu.mingw.exe"/>
        	
    </storageModule>
    	
    <storageModule moduleId="scannerConfiguration">
        		
        <autodiscovery enabled="true" problemReportingEnabled="true" selectedProfileId=""/>
        		
        <scannerConfigBuildInfo instanceId="cdt.managedbuild.config.gnu.cross.exe.release.1655287551;cdt.managedbuild.config.gnu.cross.exe.release.1655287551.;cdt.managedbuild.tool.gnu.cross.c.compiler.569209503;cdt.managedbuild.tool.gnu.c.compiler.input.761484964">
            			
            <autodiscovery enabled="true" problemReportingEnabled="true" selectedProfileId=""/>
            		
        </scannerConfigBuildInfo>
        		
        <scannerConfigBuildInfo instanceId="cdt.managedbuild.config.gnu.mingw.exe.debug.878212028;cdt.managedbuild.config.gnu.mingw.exe.debug.878212028.;cdt.managedbuild.tool.gnu.c.compiler.mingw.exe.debug.588121480;cdt.managedbuild.tool.gnu.c.compiler.input.870907317">
            			
            <autodiscovery enabled="true" problemReportingEnabled="true" selectedProfileId=""/>
            		
        </scannerConfigBuildInfo>
        		
        <scannerConfigBuildInfo instanceId="cdt.managedbuild.config.gnu.cross.exe.debug.708185811;cdt.managedbuild.config.gnu.cross.exe.debug.708185811.;cdt.managedbuild.tool.gnu.cross.c.compiler.2126377789;cdt.managedbuild.tool.gnu.c.compiler.input.967249872">
            			
            <autodiscovery enabled="true" problemReportingEnabled="true" selectedProfileId=""/>
            		
        </scannerConfigBuildInfo>
        		
        <scannerConfigBuildInfo instanceId="cdt.managedbuild.config.gnu.cross.exe.debug.708185811;cdt.managedbuild.config.gnu.cross.exe.debug.708185811.;cdt.managedbuild.tool.gnu.cross.cpp.compiler.701453138;cdt.managedbuild.tool.gnu.cpp.compiler.input.634179066">
            			
            <autodiscovery enabled="true" problemReportingEnabled="true" selectedProfileId=""/>
            		
        </scannerConfigBuildInfo>
        		
        <scannerConfigBuildInfo instanceId="cdt.managedbuild.config.gnu.cross.exe.release.1655287551;cdt.managedbuild.config.gnu.cross.exe.release.1655287551.;cdt.managedbuild.tool.gnu.cross.cpp.compiler.1239724334;cdt.managedbuild.tool.gnu.cpp.compiler.input.384739046">
            			
            <autodiscovery enabled="true" problemReportingEnabled="true" selectedProfileId=""/>
            		
        </scannerConfigBuildInfo>
        		
        <scannerConfigBuildInfo instanceId="cdt.managedbuild.config.gnu.mingw.exe.release.521779025;cdt.managedbuild.config.gnu.mingw.exe.release.521779025.;cdt.managedbuild.tool.gnu.c.compiler.mingw.exe.release.1138112331;cdt.managedbuild.tool.gnu.c.compiler.input.1777793481">
            			
            <autodiscovery enabled="true" problemReportingEnabled="true" selectedProfileId=""/>
            		
        </scannerConfigBuildInfo>
        		
        <scannerConfigBuildInfo instanceId="cdt.managedbuild.config.gnu.mingw.exe.debug.878212028;cdt.managedbuild.config.gnu.mingw.exe.debug.878212028.;cdt.managedbuild.tool.gnu.cpp.compiler.mingw.exe.debug.373242477;cdt.managedbuild.tool.gnu.cpp.compiler.input.1171067412">
            			
            <autodiscovery enabled="true" problemReportingEnabled="true" selectedProfileId=""/>
            		
        </scannerConfigBuildInfo>
        		
        <scannerConfigBuildInfo instanceId="cdt.managedbuild.config.gnu.mingw.exe.release.521779025;cdt.managedbuild.config.gnu.mingw.exe.release.521779025.;cdt.managedbuild.tool.gnu.cpp.compiler.mingw.exe.release.2082859712;cdt.managedbuild.tool.gnu.cpp.compiler.input.2070969183">
            			
            <autodiscovery enabled="true" problemReportingEnabled="true" selectedProfileId=""/>
            		
        </scannerConfigBuildInfo>
        	
    </storageModule>
    	
    <storageModule moduleId="org.eclipse.cdt.core.LanguageSettingsProviders"/>
    	
    <storageModule moduleId="org.eclipse.cdt.make.core.buildtargets"/>
    
</cproject>
