<?xml version="1.0" encoding="UTF-8" standalone="no"?>
<?fileVersion 4.0.0?><cproject storage_type_id="org.eclipse.cdt.core.XmlProjectDescriptionStorage">
    	
    <storageModule moduleId="org.eclipse.cdt.core.settings">
        		
        <cconfiguration id="cdt.managedbuild.config.gnu.mingw.exe.debug.256034868">
            			
            <storageModule buildSystemId="org.eclipse.cdt.managedbuilder.core.configurationDataProvider" id="cdt.managedbuild.config.gnu.mingw.exe.debug.256034868" moduleId="org.eclipse.cdt.core.settings" name="Debug">
                				
                <externalSettings/>
                				
                <extensions>
                    					
                    <extension id="org.eclipse.cdt.core.PE" point="org.eclipse.cdt.core.BinaryParser"/>
                    					
                    <extension id="org.eclipse.cdt.core.GASErrorParser" point="org.eclipse.cdt.core.ErrorParser"/>
                    					
                    <extension id="org.eclipse.cdt.core.GLDErrorParser" point="org.eclipse.cdt.core.ErrorParser"/>
                    					
                    <extension id="org.eclipse.cdt.core.GCCErrorParser" point="org.eclipse.cdt.core.ErrorParser"/>
                    				
                </extensions>
                			
            </storageModule>
            			
            <storageModule moduleId="cdtBuildSystem" version="4.0.0">
                				
                <configuration artifactName="${ProjName}" buildArtefactType="org.eclipse.cdt.build.core.buildArtefactType.exe" buildProperties="org.eclipse.cdt.build.core.buildArtefactType=org.eclipse.cdt.build.core.buildArtefactType.exe,org.eclipse.cdt.build.core.buildType=org.eclipse.cdt.build.core.buildType.debug" cleanCommand="rm -rf" description="" id="cdt.managedbuild.config.gnu.mingw.exe.debug.256034868" name="Debug" parent="cdt.managedbuild.config.gnu.mingw.exe.debug">
                    					
                    <folderInfo id="cdt.managedbuild.config.gnu.mingw.exe.debug.256034868." name="/" resourcePath="">
                        						
                        <toolChain id="cdt.managedbuild.toolchain.gnu.mingw.exe.debug.674382733" name="MinGW GCC" superClass="cdt.managedbuild.toolchain.gnu.mingw.exe.debug">
                            							
                            <targetPlatform id="cdt.managedbuild.target.gnu.platform.mingw.exe.debug.60771450" name="Debug Platform" superClass="cdt.managedbuild.target.gnu.platform.mingw.exe.debug"/>
                            							
                            <builder buildPath="${workspace_loc:/respiteServiceEvaluation}/Debug" id="cdt.managedbuild.tool.gnu.builder.mingw.base.2016020020" managedBuildOn="true" name="CDT Internal Builder.Debug" superClass="cdt.managedbuild.tool.gnu.builder.mingw.base"/>
                            							
                            <tool id="cdt.managedbuild.tool.gnu.assembler.mingw.exe.debug.1546418764" name="GCC Assembler" superClass="cdt.managedbuild.tool.gnu.assembler.mingw.exe.debug">
                                								
                                <inputType id="cdt.managedbuild.tool.gnu.assembler.input.1908228512" superClass="cdt.managedbuild.tool.gnu.assembler.input"/>
                                							
                            </tool>
                            							
                            <tool id="cdt.managedbuild.tool.gnu.archiver.mingw.base.65391153" name="GCC Archiver" superClass="cdt.managedbuild.tool.gnu.archiver.mingw.base"/>
                            							
                            <tool id="cdt.managedbuild.tool.gnu.cpp.compiler.mingw.exe.debug.810027148" name="GCC C++ Compiler" superClass="cdt.managedbuild.tool.gnu.cpp.compiler.mingw.exe.debug">
                                								
                                <option id="gnu.cpp.compiler.mingw.exe.debug.option.optimization.level.89591348" superClass="gnu.cpp.compiler.mingw.exe.debug.option.optimization.level" value="gnu.cpp.compiler.optimization.level.none" valueType="enumerated"/>
                                								
                                <option id="gnu.cpp.compiler.mingw.exe.debug.option.debugging.level.290897542" superClass="gnu.cpp.compiler.mingw.exe.debug.option.debugging.level" value="gnu.cpp.compiler.debugging.level.max" valueType="enumerated"/>
                                								
                                <inputType id="cdt.managedbuild.tool.gnu.cpp.compiler.input.884520474" superClass="cdt.managedbuild.tool.gnu.cpp.compiler.input"/>
                                							
                            </tool>
                            							
                            <tool id="cdt.managedbuild.tool.gnu.c.compiler.mingw.exe.debug.64483269" name="GCC C Compiler" superClass="cdt.managedbuild.tool.gnu.c.compiler.mingw.exe.debug">
                                								
                                <option defaultValue="gnu.c.optimization.level.none" id="gnu.c.compiler.mingw.exe.debug.option.optimization.level.622199127" superClass="gnu.c.compiler.mingw.exe.debug.option.optimization.level" valueType="enumerated"/>
                                								
                                <option id="gnu.c.compiler.mingw.exe.debug.option.debugging.level.1191503574" superClass="gnu.c.compiler.mingw.exe.debug.option.debugging.level" value="gnu.c.debugging.level.max" valueType="enumerated"/>
                                								
                                <inputType id="cdt.managedbuild.tool.gnu.c.compiler.input.1008906738" superClass="cdt.managedbuild.tool.gnu.c.compiler.input"/>
                                							
                            </tool>
                            							
                            <tool id="cdt.managedbuild.tool.gnu.c.linker.mingw.exe.debug.474300340" name="MinGW C Linker" superClass="cdt.managedbuild.tool.gnu.c.linker.mingw.exe.debug"/>
                            							
                            <tool id="cdt.managedbuild.tool.gnu.cpp.linker.mingw.exe.debug.730403440" name="MinGW C++ Linker" superClass="cdt.managedbuild.tool.gnu.cpp.linker.mingw.exe.debug">
                                								
                                <inputType id="cdt.managedbuild.tool.gnu.cpp.linker.input.1763304906" superClass="cdt.managedbuild.tool.gnu.cpp.linker.input">
                                    									
                                    <additionalInput kind="additionalinputdependency" paths="$(USER_OBJS)"/>
                                    									
                                    <additionalInput kind="additionalinput" paths="$(LIBS)"/>
                                    								
                                </inputType>
                                							
                            </tool>
                            						
                        </toolChain>
                        					
                    </folderInfo>
                    				
                </configuration>
                			
            </storageModule>
            			
            <storageModule moduleId="org.eclipse.cdt.core.externalSettings"/>
            		
        </cconfiguration>
        		
        <cconfiguration id="cdt.managedbuild.config.gnu.mingw.exe.release.1685484135">
            			
            <storageModule buildSystemId="org.eclipse.cdt.managedbuilder.core.configurationDataProvider" id="cdt.managedbuild.config.gnu.mingw.exe.release.1685484135" moduleId="org.eclipse.cdt.core.settings" name="Release">
                				
                <externalSettings/>
                				
                <extensions>
                    					
                    <extension id="org.eclipse.cdt.core.PE" point="org.eclipse.cdt.core.BinaryParser"/>
                    					
                    <extension id="org.eclipse.cdt.core.GASErrorParser" point="org.eclipse.cdt.core.ErrorParser"/>
                    					
                    <extension id="org.eclipse.cdt.core.GLDErrorParser" point="org.eclipse.cdt.core.ErrorParser"/>
                    					
                    <extension id="org.eclipse.cdt.core.GCCErrorParser" point="org.eclipse.cdt.core.ErrorParser"/>
                    				
                </extensions>
                			
            </storageModule>
            			
            <storageModule moduleId="cdtBuildSystem" version="4.0.0">
                				
                <configuration artifactName="${ProjName}" buildArtefactType="org.eclipse.cdt.build.core.buildArtefactType.exe" buildProperties="org.eclipse.cdt.build.core.buildArtefactType=org.eclipse.cdt.build.core.buildArtefactType.exe,org.eclipse.cdt.build.core.buildType=org.eclipse.cdt.build.core.buildType.release" cleanCommand="rm -rf" description="" id="cdt.managedbuild.config.gnu.mingw.exe.release.1685484135" name="Release" parent="cdt.managedbuild.config.gnu.mingw.exe.release">
                    					
                    <folderInfo id="cdt.managedbuild.config.gnu.mingw.exe.release.1685484135." name="/" resourcePath="">
                        						
                        <toolChain id="cdt.managedbuild.toolchain.gnu.mingw.exe.release.423105785" name="MinGW GCC" superClass="cdt.managedbuild.toolchain.gnu.mingw.exe.release">
                            							
                            <targetPlatform id="cdt.managedbuild.target.gnu.platform.mingw.exe.release.180184927" name="Debug Platform" superClass="cdt.managedbuild.target.gnu.platform.mingw.exe.release"/>
                            							
                            <builder buildPath="${workspace_loc:/respiteServiceEvaluation}/Release" id="cdt.managedbuild.tool.gnu.builder.mingw.base.1600922605" managedBuildOn="true" name="CDT Internal Builder.Release" superClass="cdt.managedbuild.tool.gnu.builder.mingw.base"/>
                            							
                            <tool id="cdt.managedbuild.tool.gnu.assembler.mingw.exe.release.1375673783" name="GCC Assembler" superClass="cdt.managedbuild.tool.gnu.assembler.mingw.exe.release">
                                								
                                <inputType id="cdt.managedbuild.tool.gnu.assembler.input.1145791878" superClass="cdt.managedbuild.tool.gnu.assembler.input"/>
                                							
                            </tool>
                            							
                            <tool id="cdt.managedbuild.tool.gnu.archiver.mingw.base.353841829" name="GCC Archiver" superClass="cdt.managedbuild.tool.gnu.archiver.mingw.base"/>
                            							
                            <tool id="cdt.managedbuild.tool.gnu.cpp.compiler.mingw.exe.release.188232224" name="GCC C++ Compiler" superClass="cdt.managedbuild.tool.gnu.cpp.compiler.mingw.exe.release">
                                								
                                <option id="gnu.cpp.compiler.mingw.exe.release.option.optimization.level.174740438" superClass="gnu.cpp.compiler.mingw.exe.release.option.optimization.level" value="gnu.cpp.compiler.optimization.level.most" valueType="enumerated"/>
                                								
                                <option id="gnu.cpp.compiler.mingw.exe.release.option.debugging.level.1647960567" superClass="gnu.cpp.compiler.mingw.exe.release.option.debugging.level" value="gnu.cpp.compiler.debugging.level.none" valueType="enumerated"/>
                                								
                                <inputType id="cdt.managedbuild.tool.gnu.cpp.compiler.input.1309202274" superClass="cdt.managedbuild.tool.gnu.cpp.compiler.input"/>
                                							
                            </tool>
                            							
                            <tool id="cdt.managedbuild.tool.gnu.c.compiler.mingw.exe.release.1675441324" name="GCC C Compiler" superClass="cdt.managedbuild.tool.gnu.c.compiler.mingw.exe.release">
                                								
                                <option defaultValue="gnu.c.optimization.level.most" id="gnu.c.compiler.mingw.exe.release.option.optimization.level.579116834" superClass="gnu.c.compiler.mingw.exe.release.option.optimization.level" valueType="enumerated"/>
                                								
                                <option id="gnu.c.compiler.mingw.exe.release.option.debugging.level.1818413990" superClass="gnu.c.compiler.mingw.exe.release.option.debugging.level" value="gnu.c.debugging.level.none" valueType="enumerated"/>
                                								
                                <inputType id="cdt.managedbuild.tool.gnu.c.compiler.input.239079797" superClass="cdt.managedbuild.tool.gnu.c.compiler.input"/>
                                							
                            </tool>
                            							
                            <tool id="cdt.managedbuild.tool.gnu.c.linker.mingw.exe.release.1485230855" name="MinGW C Linker" superClass="cdt.managedbuild.tool.gnu.c.linker.mingw.exe.release"/>
                            							
                            <tool id="cdt.managedbuild.tool.gnu.cpp.linker.mingw.exe.release.405907381" name="MinGW C++ Linker" superClass="cdt.managedbuild.tool.gnu.cpp.linker.mingw.exe.release">
                                								
                                <inputType id="cdt.managedbuild.tool.gnu.cpp.linker.input.1931192087" superClass="cdt.managedbuild.tool.gnu.cpp.linker.input">
                                    									
                                    <additionalInput kind="additionalinputdependency" paths="$(USER_OBJS)"/>
                                    									
                                    <additionalInput kind="additionalinput" paths="$(LIBS)"/>
                                    								
                                </inputType>
                                							
                            </tool>
                            						
                        </toolChain>
                        					
                    </folderInfo>
                    				
                </configuration>
                			
            </storageModule>
            			
            <storageModule moduleId="org.eclipse.cdt.core.externalSettings"/>
            		
        </cconfiguration>
        	
    </storageModule>
    	
    <storageModule moduleId="cdtBuildSystem" version="4.0.0">
        		
        <project id="respiteServiceEvaluation.cdt.managedbuild.target.gnu.mingw.exe.1173882409" name="Executable" projectType="cdt.managedbuild.target.gnu.mingw.exe"/>
        	
    </storageModule>
    	
    <storageModule moduleId="scannerConfiguration">
        		
        <autodiscovery enabled="true" problemReportingEnabled="true" selectedProfileId=""/>
        		
        <scannerConfigBuildInfo instanceId="cdt.managedbuild.config.gnu.mingw.exe.release.1685484135;cdt.managedbuild.config.gnu.mingw.exe.release.1685484135.;cdt.managedbuild.tool.gnu.c.compiler.mingw.exe.release.1675441324;cdt.managedbuild.tool.gnu.c.compiler.input.239079797">
            			
            <autodiscovery enabled="true" problemReportingEnabled="true" selectedProfileId=""/>
            		
        </scannerConfigBuildInfo>
        		
        <scannerConfigBuildInfo instanceId="cdt.managedbuild.config.gnu.mingw.exe.release.1685484135;cdt.managedbuild.config.gnu.mingw.exe.release.1685484135.;cdt.managedbuild.tool.gnu.cpp.compiler.mingw.exe.release.188232224;cdt.managedbuild.tool.gnu.cpp.compiler.input.1309202274">
            			
            <autodiscovery enabled="true" problemReportingEnabled="true" selectedProfileId=""/>
            		
        </scannerConfigBuildInfo>
        		
        <scannerConfigBuildInfo instanceId="cdt.managedbuild.config.gnu.mingw.exe.debug.256034868;cdt.managedbuild.config.gnu.mingw.exe.debug.256034868.;cdt.managedbuild.tool.gnu.cpp.compiler.mingw.exe.debug.810027148;cdt.managedbuild.tool.gnu.cpp.compiler.input.884520474">
            			
            <autodiscovery enabled="true" problemReportingEnabled="true" selectedProfileId=""/>
            		
        </scannerConfigBuildInfo>
        		
        <scannerConfigBuildInfo instanceId="cdt.managedbuild.config.gnu.mingw.exe.debug.256034868;cdt.managedbuild.config.gnu.mingw.exe.debug.256034868.;cdt.managedbuild.tool.gnu.c.compiler.mingw.exe.debug.64483269;cdt.managedbuild.tool.gnu.c.compiler.input.1008906738">
            			
            <autodiscovery enabled="true" problemReportingEnabled="true" selectedProfileId=""/>
            		
        </scannerConfigBuildInfo>
        	
    </storageModule>
    	
    <storageModule moduleId="org.eclipse.cdt.core.LanguageSettingsProviders"/>
    	
    <storageModule moduleId="refreshScope"/>
    	
    <storageModule moduleId="org.eclipse.cdt.make.core.buildtargets"/>
    
</cproject>
