<?xml version="1.0" encoding="UTF-8" standalone="no"?>
<?fileVersion 4.0.0?><cproject storage_type_id="org.eclipse.cdt.core.XmlProjectDescriptionStorage">
	<storageModule moduleId="org.eclipse.cdt.core.settings">
		<cconfiguration id="cdt.managedbuild.config.gnu.mingw.exe.debug.1271902677">
			<storageModule buildSystemId="org.eclipse.cdt.managedbuilder.core.configurationDataProvider" id="cdt.managedbuild.config.gnu.mingw.exe.debug.1271902677" moduleId="org.eclipse.cdt.core.settings" name="Debug">
				<externalSettings/>
				<extensions>
					<extension id="org.eclipse.cdt.core.PE" point="org.eclipse.cdt.core.BinaryParser"/>
					<extension id="org.eclipse.cdt.core.GASErrorParser" point="org.eclipse.cdt.core.ErrorParser"/>
					<extension id="org.eclipse.cdt.core.GLDErrorParser" point="org.eclipse.cdt.core.ErrorParser"/>
					<extension id="org.eclipse.cdt.core.GCCErrorParser" point="org.eclipse.cdt.core.ErrorParser"/>
				</extensions>
			</storageModule>
			<storageModule moduleId="cdtBuildSystem" version="4.0.0">
				<configuration artifactName="${ProjName}" buildArtefactType="org.eclipse.cdt.build.core.buildArtefactType.exe" buildProperties="org.eclipse.cdt.build.core.buildArtefactType=org.eclipse.cdt.build.core.buildArtefactType.exe,org.eclipse.cdt.build.core.buildType=org.eclipse.cdt.build.core.buildType.debug" cleanCommand="rm -rf" description="" id="cdt.managedbuild.config.gnu.mingw.exe.debug.1271902677" name="Debug" parent="cdt.managedbuild.config.gnu.mingw.exe.debug">
					<folderInfo id="cdt.managedbuild.config.gnu.mingw.exe.debug.1271902677." name="/" resourcePath="">
						<toolChain id="cdt.managedbuild.toolchain.gnu.mingw.exe.debug.1492541807" name="MinGW GCC" superClass="cdt.managedbuild.toolchain.gnu.mingw.exe.debug">
							<targetPlatform id="cdt.managedbuild.target.gnu.platform.mingw.exe.debug.2046759182" name="Debug Platform" superClass="cdt.managedbuild.target.gnu.platform.mingw.exe.debug"/>
							<builder buildPath="${workspace_loc:/respiteServiceEvaluation}/Debug" id="cdt.managedbuild.tool.gnu.builder.mingw.base.2128987601" managedBuildOn="true" name="CDT Internal Builder.Debug" superClass="cdt.managedbuild.tool.gnu.builder.mingw.base"/>
							<tool id="cdt.managedbuild.tool.gnu.assembler.mingw.exe.debug.549745694" name="GCC Assembler" superClass="cdt.managedbuild.tool.gnu.assembler.mingw.exe.debug">
								<inputType id="cdt.managedbuild.tool.gnu.assembler.input.1831209957" superClass="cdt.managedbuild.tool.gnu.assembler.input"/>
							</tool>
							<tool id="cdt.managedbuild.tool.gnu.archiver.mingw.base.1076305155" name="GCC Archiver" superClass="cdt.managedbuild.tool.gnu.archiver.mingw.base"/>
							<tool id="cdt.managedbuild.tool.gnu.cpp.compiler.mingw.exe.debug.288422284" name="GCC C++ Compiler" superClass="cdt.managedbuild.tool.gnu.cpp.compiler.mingw.exe.debug">
								<option id="gnu.cpp.compiler.mingw.exe.debug.option.optimization.level.718340573" superClass="gnu.cpp.compiler.mingw.exe.debug.option.optimization.level" value="gnu.cpp.compiler.optimization.level.none" valueType="enumerated"/>
								<option id="gnu.cpp.compiler.mingw.exe.debug.option.debugging.level.584216518" superClass="gnu.cpp.compiler.mingw.exe.debug.option.debugging.level" value="gnu.cpp.compiler.debugging.level.max" valueType="enumerated"/>
								<inputType id="cdt.managedbuild.tool.gnu.cpp.compiler.input.769168843" superClass="cdt.managedbuild.tool.gnu.cpp.compiler.input"/>
							</tool>
							<tool id="cdt.managedbuild.tool.gnu.c.compiler.mingw.exe.debug.1956631177" name="GCC C Compiler" superClass="cdt.managedbuild.tool.gnu.c.compiler.mingw.exe.debug">
								<option defaultValue="gnu.c.optimization.level.none" id="gnu.c.compiler.mingw.exe.debug.option.optimization.level.1501285899" superClass="gnu.c.compiler.mingw.exe.debug.option.optimization.level" valueType="enumerated"/>
								<option id="gnu.c.compiler.mingw.exe.debug.option.debugging.level.1152216290" superClass="gnu.c.compiler.mingw.exe.debug.option.debugging.level" value="gnu.c.debugging.level.max" valueType="enumerated"/>
								<inputType id="cdt.managedbuild.tool.gnu.c.compiler.input.229570065" superClass="cdt.managedbuild.tool.gnu.c.compiler.input"/>
							</tool>
							<tool id="cdt.managedbuild.tool.gnu.c.linker.mingw.exe.debug.579511105" name="MinGW C Linker" superClass="cdt.managedbuild.tool.gnu.c.linker.mingw.exe.debug"/>
							<tool id="cdt.managedbuild.tool.gnu.cpp.linker.mingw.exe.debug.665114170" name="MinGW C++ Linker" superClass="cdt.managedbuild.tool.gnu.cpp.linker.mingw.exe.debug">
								<inputType id="cdt.managedbuild.tool.gnu.cpp.linker.input.61300101" superClass="cdt.managedbuild.tool.gnu.cpp.linker.input">
									<additionalInput kind="additionalinputdependency" paths="$(USER_OBJS)"/>
									<additionalInput kind="additionalinput" paths="$(LIBS)"/>
								</inputType>
							</tool>
						</toolChain>
					</folderInfo>
				</configuration>
			</storageModule>
			<storageModule moduleId="org.eclipse.cdt.core.externalSettings"/>
		</cconfiguration>
		<cconfiguration id="cdt.managedbuild.config.gnu.mingw.exe.release.1003859396">
			<storageModule buildSystemId="org.eclipse.cdt.managedbuilder.core.configurationDataProvider" id="cdt.managedbuild.config.gnu.mingw.exe.release.1003859396" moduleId="org.eclipse.cdt.core.settings" name="Release">
				<externalSettings/>
				<extensions>
					<extension id="org.eclipse.cdt.core.PE" point="org.eclipse.cdt.core.BinaryParser"/>
					<extension id="org.eclipse.cdt.core.GASErrorParser" point="org.eclipse.cdt.core.ErrorParser"/>
					<extension id="org.eclipse.cdt.core.GLDErrorParser" point="org.eclipse.cdt.core.ErrorParser"/>
					<extension id="org.eclipse.cdt.core.GCCErrorParser" point="org.eclipse.cdt.core.ErrorParser"/>
				</extensions>
			</storageModule>
			<storageModule moduleId="cdtBuildSystem" version="4.0.0">
				<configuration artifactName="${ProjName}" buildArtefactType="org.eclipse.cdt.build.core.buildArtefactType.exe" buildProperties="org.eclipse.cdt.build.core.buildArtefactType=org.eclipse.cdt.build.core.buildArtefactType.exe,org.eclipse.cdt.build.core.buildType=org.eclipse.cdt.build.core.buildType.release" cleanCommand="rm -rf" description="" id="cdt.managedbuild.config.gnu.mingw.exe.release.1003859396" name="Release" parent="cdt.managedbuild.config.gnu.mingw.exe.release">
					<folderInfo id="cdt.managedbuild.config.gnu.mingw.exe.release.1003859396." name="/" resourcePath="">
						<toolChain id="cdt.managedbuild.toolchain.gnu.mingw.exe.release.2014501976" name="MinGW GCC" superClass="cdt.managedbuild.toolchain.gnu.mingw.exe.release">
							<targetPlatform id="cdt.managedbuild.target.gnu.platform.mingw.exe.release.2014829914" name="Debug Platform" superClass="cdt.managedbuild.target.gnu.platform.mingw.exe.release"/>
							<builder buildPath="${workspace_loc:/respiteServiceEvaluation}/Release" id="cdt.managedbuild.tool.gnu.builder.mingw.base.678052345" managedBuildOn="true" name="CDT Internal Builder.Release" superClass="cdt.managedbuild.tool.gnu.builder.mingw.base"/>
							<tool id="cdt.managedbuild.tool.gnu.assembler.mingw.exe.release.1757408510" name="GCC Assembler" superClass="cdt.managedbuild.tool.gnu.assembler.mingw.exe.release">
								<inputType id="cdt.managedbuild.tool.gnu.assembler.input.1123248330" superClass="cdt.managedbuild.tool.gnu.assembler.input"/>
							</tool>
							<tool id="cdt.managedbuild.tool.gnu.archiver.mingw.base.1241138352" name="GCC Archiver" superClass="cdt.managedbuild.tool.gnu.archiver.mingw.base"/>
							<tool id="cdt.managedbuild.tool.gnu.cpp.compiler.mingw.exe.release.406394476" name="GCC C++ Compiler" superClass="cdt.managedbuild.tool.gnu.cpp.compiler.mingw.exe.release">
								<option id="gnu.cpp.compiler.mingw.exe.release.option.optimization.level.307985223" superClass="gnu.cpp.compiler.mingw.exe.release.option.optimization.level" value="gnu.cpp.compiler.optimization.level.most" valueType="enumerated"/>
								<option id="gnu.cpp.compiler.mingw.exe.release.option.debugging.level.258833744" superClass="gnu.cpp.compiler.mingw.exe.release.option.debugging.level" value="gnu.cpp.compiler.debugging.level.none" valueType="enumerated"/>
								<inputType id="cdt.managedbuild.tool.gnu.cpp.compiler.input.1039151568" superClass="cdt.managedbuild.tool.gnu.cpp.compiler.input"/>
							</tool>
							<tool id="cdt.managedbuild.tool.gnu.c.compiler.mingw.exe.release.302007574" name="GCC C Compiler" superClass="cdt.managedbuild.tool.gnu.c.compiler.mingw.exe.release">
								<option defaultValue="gnu.c.optimization.level.most" id="gnu.c.compiler.mingw.exe.release.option.optimization.level.725128000" superClass="gnu.c.compiler.mingw.exe.release.option.optimization.level" valueType="enumerated"/>
								<option id="gnu.c.compiler.mingw.exe.release.option.debugging.level.876385480" superClass="gnu.c.compiler.mingw.exe.release.option.debugging.level" value="gnu.c.debugging.level.none" valueType="enumerated"/>
								<inputType id="cdt.managedbuild.tool.gnu.c.compiler.input.116652069" superClass="cdt.managedbuild.tool.gnu.c.compiler.input"/>
							</tool>
							<tool id="cdt.managedbuild.tool.gnu.c.linker.mingw.exe.release.1553774757" name="MinGW C Linker" superClass="cdt.managedbuild.tool.gnu.c.linker.mingw.exe.release"/>
							<tool id="cdt.managedbuild.tool.gnu.cpp.linker.mingw.exe.release.567425457" name="MinGW C++ Linker" superClass="cdt.managedbuild.tool.gnu.cpp.linker.mingw.exe.release">
								<inputType id="cdt.managedbuild.tool.gnu.cpp.linker.input.1665165570" superClass="cdt.managedbuild.tool.gnu.cpp.linker.input">
									<additionalInput kind="additionalinputdependency" paths="$(USER_OBJS)"/>
									<additionalInput kind="additionalinput" paths="$(LIBS)"/>
								</inputType>
							</tool>
						</toolChain>
					</folderInfo>
				</configuration>
			</storageModule>
			<storageModule moduleId="org.eclipse.cdt.core.externalSettings"/>
		</cconfiguration>
	</storageModule>
	<storageModule moduleId="cdtBuildSystem" version="4.0.0">
		<project id="respiteServiceEvaluation.cdt.managedbuild.target.gnu.mingw.exe.1496245605" name="Executable" projectType="cdt.managedbuild.target.gnu.mingw.exe"/>
	</storageModule>
	<storageModule moduleId="scannerConfiguration">
		<autodiscovery enabled="true" problemReportingEnabled="true" selectedProfileId=""/>
		<scannerConfigBuildInfo instanceId="cdt.managedbuild.config.gnu.mingw.exe.release.1003859396;cdt.managedbuild.config.gnu.mingw.exe.release.1003859396.;cdt.managedbuild.tool.gnu.cpp.compiler.mingw.exe.release.406394476;cdt.managedbuild.tool.gnu.cpp.compiler.input.1039151568">
			<autodiscovery enabled="true" problemReportingEnabled="true" selectedProfileId=""/>
		</scannerConfigBuildInfo>
		<scannerConfigBuildInfo instanceId="cdt.managedbuild.config.gnu.mingw.exe.debug.1271902677;cdt.managedbuild.config.gnu.mingw.exe.debug.1271902677.;cdt.managedbuild.tool.gnu.c.compiler.mingw.exe.debug.1956631177;cdt.managedbuild.tool.gnu.c.compiler.input.229570065">
			<autodiscovery enabled="true" problemReportingEnabled="true" selectedProfileId=""/>
		</scannerConfigBuildInfo>
		<scannerConfigBuildInfo instanceId="cdt.managedbuild.config.gnu.cross.exe.release.520284941;cdt.managedbuild.config.gnu.cross.exe.release.520284941.;cdt.managedbuild.tool.gnu.cross.c.compiler.2040139388;cdt.managedbuild.tool.gnu.c.compiler.input.1402002950">
			<autodiscovery enabled="true" problemReportingEnabled="true" selectedProfileId=""/>
		</scannerConfigBuildInfo>
		<scannerConfigBuildInfo instanceId="cdt.managedbuild.config.gnu.cross.exe.release.520284941;cdt.managedbuild.config.gnu.cross.exe.release.520284941.;cdt.managedbuild.tool.gnu.cross.cpp.compiler.1687792401;cdt.managedbuild.tool.gnu.cpp.compiler.input.1924209380">
			<autodiscovery enabled="true" problemReportingEnabled="true" selectedProfileId=""/>
		</scannerConfigBuildInfo>
		<scannerConfigBuildInfo instanceId="cdt.managedbuild.config.gnu.mingw.exe.release.1003859396;cdt.managedbuild.config.gnu.mingw.exe.release.1003859396.;cdt.managedbuild.tool.gnu.c.compiler.mingw.exe.release.302007574;cdt.managedbuild.tool.gnu.c.compiler.input.116652069">
			<autodiscovery enabled="true" problemReportingEnabled="true" selectedProfileId=""/>
		</scannerConfigBuildInfo>
		<scannerConfigBuildInfo instanceId="cdt.managedbuild.config.gnu.cross.exe.debug.2109980647;cdt.managedbuild.config.gnu.cross.exe.debug.2109980647.;cdt.managedbuild.tool.gnu.cross.c.compiler.1552529710;cdt.managedbuild.tool.gnu.c.compiler.input.4403664">
			<autodiscovery enabled="true" problemReportingEnabled="true" selectedProfileId=""/>
		</scannerConfigBuildInfo>
		<scannerConfigBuildInfo instanceId="cdt.managedbuild.config.gnu.cross.exe.debug.2109980647;cdt.managedbuild.config.gnu.cross.exe.debug.2109980647.;cdt.managedbuild.tool.gnu.cross.cpp.compiler.702443167;cdt.managedbuild.tool.gnu.cpp.compiler.input.658584641">
			<autodiscovery enabled="true" problemReportingEnabled="true" selectedProfileId=""/>
		</scannerConfigBuildInfo>
		<scannerConfigBuildInfo instanceId="cdt.managedbuild.config.gnu.mingw.exe.debug.1271902677;cdt.managedbuild.config.gnu.mingw.exe.debug.1271902677.;cdt.managedbuild.tool.gnu.cpp.compiler.mingw.exe.debug.288422284;cdt.managedbuild.tool.gnu.cpp.compiler.input.769168843">
			<autodiscovery enabled="true" problemReportingEnabled="true" selectedProfileId=""/>
		</scannerConfigBuildInfo>
	</storageModule>
	<storageModule moduleId="org.eclipse.cdt.core.LanguageSettingsProviders"/>
	<storageModule moduleId="refreshScope"/>
	<storageModule moduleId="org.eclipse.cdt.make.core.buildtargets"/>
</cproject>
